title,price,surface_m2,district,property_type,url,price_per_m2,description
Appartement 3 pièces 51 m²,124000.0,51.0,Saint-Roch,appartement,https://www.bienici.com/annonce/vente/toulon/appartement/3pieces/hektor-mourillon-388222?q=%2Frecherche%2Fachat%2Ftoulon-83000%3Fprix-max%3D500000%26page%3D2&depuis-mise-en-avant=oui,2431.0,
Appartement 1 pièce 16 m²,79000.0,16.0,Le Mourillon - La Mitre - Fort Lamalgue,appartement,https://www.bienici.com/annonce/vente/toulon/appartement/1piece/ag835694-466798136?q=%2Frecherche%2Fachat%2Ftoulon-83000%3Fprix-max%3D500000%26page%3D2&depuis-mise-en-avant=oui,4938.0,
Appartement 4 pièces 85 m²,250000.0,85.0,Porte d'Italie,appartement,https://www.bienici.com/annonce/vente/toulon/appartement/4pieces/ag942352-517060844?q=%2Frecherche%2Fachat%2Ftoulon-83000%3Fprix-max%3D500000%26page%3D2,2941.0,
Appartement 1 pièce 41 m²,75000.0,41.0,Saint-Jean du Var,appartement,https://www.bienici.com/annonce/vente/toulon/appartement/1piece/citya-immobilier-41039H-TAPP953655?q=%2Frecherche%2Fachat%2Ftoulon-83000%3Fprix-max%3D500000%26page%3D2,1829.0,
Appartement 3 pièces 58 m²,149000.0,58.0,Jonquet - Guynemer,appartement,https://www.bienici.com/annonce/vente/toulon/appartement/3pieces/citya-immobilier-41039H-TAPP957816AA?q=%2Frecherche%2Fachat%2Ftoulon-83000%3Fprix-max%3D500000%26page%3D2,2569.0,
Maison 5 pièces 88 m²,470000.0,88.0,Sainte-Anne,maison,https://www.bienici.com/annonce/vente/toulon/maison/5pieces/apimo-86796465?q=%2Frecherche%2Fachat%2Ftoulon-83000%3Fprix-max%3D500000%26page%3D2,5341.0,
Appartement 3 pièces 83 m²,175000.0,83.0,Saint-Roch,appartement,https://www.bienici.com/annonce/vente/toulon/appartement/3pieces/iad-france-2023702?q=%2Frecherche%2Fachat%2Ftoulon-83000%3Fprix-max%3D500000%26page%3D2,2108.0,
Appartement 2 pièces 41 m²,159000.0,41.0,Haute-ville,appartement,https://www.bienici.com/annonce/vente/toulon/appartement/2pieces/iad-france-2023241?q=%2Frecherche%2Fachat%2Ftoulon-83000%3Fprix-max%3D500000%26page%3D2,3878.0,
Appartement 3 pièces 70 m²,223230.0,70.0,La Rode,appartement,https://www.bienici.com/annonce/vente/toulon/appartement/3pieces/century-21-202_3064_5007?q=%2Frecherche%2Fachat%2Ftoulon-83000%3Fprix-max%3D500000%26page%3D2,3189.0,
Appartement 2 pièces 50 m²,149000.0,50.0,Centre-ville,appartement,https://www.bienici.com/annonce/vente/toulon/appartement/2pieces/iad-france-2020890?q=%2Frecherche%2Fachat%2Ftoulon-83000%3Fprix-max%3D500000%26page%3D2,2980.0,
Appartement 2 pièces 38 m²,114000.0,38.0,Saint-Roch,appartement,https://www.bienici.com/annonce/vente/toulon/appartement/2pieces/citya-immobilier-41039H-TAPP961596?q=%2Frecherche%2Fachat%2Ftoulon-83000%3Fprix-max%3D500000%26page%3D2,3000.0,
Appartement 3 pièces 50 m²,128900.0,50.0,Saint-Roch,appartement,https://www.bienici.com/annonce/vente/toulon/appartement/3pieces/hektor-bretteimmobilieranne-19935?q=%2Frecherche%2Fachat%2Ftoulon-83000%3Fprix-max%3D500000%26page%3D2,2578.0,
Appartement 2 pièces 54 m²,124500.0,54.0,Saint-Roch,appartement,https://www.bienici.com/annonce/vente/toulon/appartement/2pieces/citya-immobilier-41039H-TAPP946334A?q=%2Frecherche%2Fachat%2Ftoulon-83000%3Fprix-max%3D500000%26page%3D2,2306.0,
Appartement 2 pièces 43 m²,138000.0,43.0,Saint-Jean du Var,appartement,https://www.bienici.com/annonce/vente/toulon/appartement/2pieces/citya-immobilier-41039H-TAPP967570?q=%2Frecherche%2Fachat%2Ftoulon-83000%3Fprix-max%3D500000%26page%3D2,3209.0,
Appartement 4 pièces 104 m²,346625.0,104.0,Pont de Suve,appartement,https://www.bienici.com/annonce/vente/toulon/appartement/4pieces/ag060811-515420138?q=%2Frecherche%2Fachat%2Ftoulon-83000%3Fprix-max%3D500000%26page%3D2,3333.0,
Appartement 1 pièce 22 m²,79900.0,22.0,Champs-de-Mars,appartement,https://www.bienici.com/annonce/vente/toulon/appartement/1piece/citya-immobilier-41039H-TAPP966009?q=%2Frecherche%2Fachat%2Ftoulon-83000%3Fprix-max%3D500000%26page%3D2,3632.0,
Appartement 2 pièces 45 m²,147500.0,45.0,Aguillon,appartement,https://www.bienici.com/annonce/vente/toulon/appartement/2pieces/iad-france-2017196?q=%2Frecherche%2Fachat%2Ftoulon-83000%3Fprix-max%3D500000%26page%3D2,3278.0,
Appartement 3 pièces 78 m²,263750.0,78.0,Sainte-Anne,appartement,https://www.bienici.com/annonce/vente/toulon/appartement/3pieces/hektor-bretteimmobilieranne-16796?q=%2Frecherche%2Fachat%2Ftoulon-83000%3Fprix-max%3D500000%26page%3D2,3381.0,
Appartement 3 pièces 77 m²,190000.0,77.0,Valbertrand,appartement,https://www.bienici.com/annonce/vente/toulon/appartement/3pieces/iad-france-2014095?q=%2Frecherche%2Fachat%2Ftoulon-83000%3Fprix-max%3D500000%26page%3D2,2468.0,
Appartement 2 pièces 58 m²,166000.0,58.0,Pont du Las,appartement,https://www.bienici.com/annonce/vente/toulon/appartement/2pieces/iad-france-2011783?q=%2Frecherche%2Fachat%2Ftoulon-83000%3Fprix-max%3D500000%26page%3D2,2862.0,
Appartement 3 pièces 61 m²,282000.0,61.0,Valbertrand,appartement,https://www.bienici.com/annonce/vente/toulon/appartement/3pieces/iad-france-2012321?q=%2Frecherche%2Fachat%2Ftoulon-83000%3Fprix-max%3D500000%26page%3D2,4623.0,
Appartement 4 pièces 82 m²,448000.0,82.0,Haute-ville,appartement,https://www.bienici.com/annonce/vente/toulon/appartement/4pieces/iad-france-2013908?q=%2Frecherche%2Fachat%2Ftoulon-83000%3Fprix-max%3D500000%26page%3D2,5463.0,
Appartement 3 pièces 53 m²,172000.0,53.0,Aguillon,appartement,https://www.bienici.com/annonce/vente/toulon/appartement/3pieces/iad-france-2013120?q=%2Frecherche%2Fachat%2Ftoulon-83000%3Fprix-max%3D500000%26page%3D2,3245.0,
Appartement 2 pièces 36 m²,170000.0,36.0,Font Pré,appartement,https://www.bienici.com/annonce/vente/toulon/appartement/2pieces/iad-france-2012283?q=%2Frecherche%2Fachat%2Ftoulon-83000%3Fprix-max%3D500000%26page%3D2,4722.0,
Duplex 3 pièces 86 m²,318000.0,86.0,Le Mourillon - La Mitre - Fort Lamalgue,appartement,https://www.bienici.com/annonce/vente/toulon/appartement/3pieces/iad-france-2011159?q=%2Frecherche%2Fachat%2Ftoulon-83000%3Fprix-max%3D500000%26page%3D2,3698.0,
Appartement 3 pièces 59 m²,179000.0,59.0,Pont de Bois,appartement,https://www.bienici.com/annonce/vente/toulon/appartement/3pieces/iad-france-2010657?q=%2Frecherche%2Fachat%2Ftoulon-83000%3Fprix-max%3D500000%26page%3D2,3034.0,
ROSA NOVA (appartements neufs 3 pièces),234000.0,63.0,Saint-Jean du Var,appartement,https://www.bienici.com/annonce/vente/toulon/programme/3pieces/bouygues-immobilier-030-283YS2?q=%2Frecherche%2Fachat%2Ftoulon-83000%3Fprix-max%3D500000%26page%3D3&depuis-mise-en-avant=oui,3714.29,
Appartement 4 pièces 70 m²,205000.0,70.0,Pont de Bois,appartement,https://www.bienici.com/annonce/vente/toulon/appartement/4pieces/iad-france-2007306?q=%2Frecherche%2Fachat%2Ftoulon-83000%3Fprix-max%3D500000%26page%3D3,2929.0,
Appartement 1 pièce 32 m²,138000.0,32.0,Aguillon,appartement,https://www.bienici.com/annonce/vente/toulon/appartement/1piece/citya-immobilier-41039H-TAPP965365?q=%2Frecherche%2Fachat%2Ftoulon-83000%3Fprix-max%3D500000%26page%3D3,4312.0,
Appartement 5 pièces 72 m²,267000.0,72.0,Centre-ville,appartement,https://www.bienici.com/annonce/vente/toulon/appartement/5pieces/hektor-lessablettes-390355?q=%2Frecherche%2Fachat%2Ftoulon-83000%3Fprix-max%3D500000%26page%3D3,3708.0,
Appartement 4 pièces 107 m²,497000.0,107.0,Siblas,appartement,https://www.bienici.com/annonce/vente/toulon/appartement/4pieces/hektor-grechimmo83000-113961?q=%2Frecherche%2Fachat%2Ftoulon-83000%3Fprix-max%3D500000%26page%3D3,4645.0,
Appartement 1 pièce 38 m²,118000.0,38.0,Centre-ville,appartement,https://www.bienici.com/annonce/vente/toulon/appartement/1piece/iad-france-2002873?q=%2Frecherche%2Fachat%2Ftoulon-83000%3Fprix-max%3D500000%26page%3D3,3105.0,
Appartement 4 pièces 72 m²,221000.0,72.0,La Serinette - La Barre,appartement,https://www.bienici.com/annonce/vente/toulon/appartement/4pieces/iad-france-2002411?q=%2Frecherche%2Fachat%2Ftoulon-83000%3Fprix-max%3D500000%26page%3D3,3069.0,
Appartement 5 pièces 92 m²,250000.0,92.0,La Rode,appartement,https://www.bienici.com/annonce/vente/toulon/appartement/5pieces/iad-france-1997277?q=%2Frecherche%2Fachat%2Ftoulon-83000%3Fprix-max%3D500000%26page%3D3,2717.0,
Appartement 3 pièces 78 m²,178500.0,78.0,Saint-Roch,appartement,https://www.bienici.com/annonce/vente/toulon/appartement/3pieces/iad-france-2002290?q=%2Frecherche%2Fachat%2Ftoulon-83000%3Fprix-max%3D500000%26page%3D3,2288.0,
Appartement 4 pièces 81 m²,399000.0,81.0,Le Mourillon - La Mitre - Fort Lamalgue,appartement,https://www.bienici.com/annonce/vente/toulon/appartement/4pieces/immo-facile-59949401?q=%2Frecherche%2Fachat%2Ftoulon-83000%3Fprix-max%3D500000%26page%3D3,4926.0,
Appartement 3 pièces 74 m²,143000.0,74.0,Pont du Las,appartement,https://www.bienici.com/annonce/vente/toulon/appartement/3pieces/iad-france-2002624?q=%2Frecherche%2Fachat%2Ftoulon-83000%3Fprix-max%3D500000%26page%3D3,1932.0,
Appartement 3 pièces 58 m²,320000.0,58.0,Le Mourillon - La Mitre - Fort Lamalgue,appartement,https://www.bienici.com/annonce/vente/toulon/appartement/3pieces/iad-france-1998047?q=%2Frecherche%2Fachat%2Ftoulon-83000%3Fprix-max%3D500000%26page%3D3,5517.0,
Appartement 4 pièces 89 m²,170000.0,89.0,Bon Rencontre,appartement,https://www.bienici.com/annonce/vente/toulon/appartement/4pieces/hektor-bretteimmobilieranne-19826?q=%2Frecherche%2Fachat%2Ftoulon-83000%3Fprix-max%3D500000%26page%3D3,1910.0,
Maison 4 pièces 81 m²,329000.0,81.0,Ubac - Dardennes - Barbasse - Mont Faron,maison,https://www.bienici.com/annonce/vente/toulon/maison/4pieces/hektor-atlasimmobilier-390224?q=%2Frecherche%2Fachat%2Ftoulon-83000%3Fprix-max%3D500000%26page%3D3,4062.0,
Appartement 3 pièces 60 m²,185000.0,60.0,Font Pré,appartement,https://www.bienici.com/annonce/vente/toulon/appartement/3pieces/iad-france-1991752?q=%2Frecherche%2Fachat%2Ftoulon-83000%3Fprix-max%3D500000%26page%3D3,3083.0,
Appartement 1 pièce 24 m²,119000.0,24.0,Le Mourillon - La Mitre - Fort Lamalgue,appartement,https://www.bienici.com/annonce/vente/toulon/appartement/1piece/iad-france-1985099?q=%2Frecherche%2Fachat%2Ftoulon-83000%3Fprix-max%3D500000%26page%3D3,4958.0,
Appartement 3 pièces 53 m²,192000.0,53.0,Corniche du Faron,appartement,https://www.bienici.com/annonce/vente/toulon/appartement/3pieces/iad-france-1992620?q=%2Frecherche%2Fachat%2Ftoulon-83000%3Fprix-max%3D500000%26page%3D3,3623.0,
Appartement 1 pièce 17 m²,112000.0,17.0,Le Mourillon - La Mitre - Fort Lamalgue,appartement,https://www.bienici.com/annonce/vente/toulon/appartement/1piece/iad-france-1993749?q=%2Frecherche%2Fachat%2Ftoulon-83000%3Fprix-max%3D500000%26page%3D3,6588.0,
Appartement 3 pièces 59 m²,239000.0,59.0,Darboussèdes,appartement,https://www.bienici.com/annonce/vente/toulon/appartement/3pieces/iad-france-1992120?q=%2Frecherche%2Fachat%2Ftoulon-83000%3Fprix-max%3D500000%26page%3D3,4051.0,
Appartement 3 pièces 63 m²,209000.0,63.0,Pont du Las,appartement,https://www.bienici.com/annonce/vente/toulon/appartement/3pieces/iad-france-1989996?q=%2Frecherche%2Fachat%2Ftoulon-83000%3Fprix-max%3D500000%26page%3D3,3317.0,
Appartement 3 pièces 61 m²,220000.0,61.0,Aguillon,appartement,https://www.bienici.com/annonce/vente/toulon/appartement/3pieces/iad-france-1990217?q=%2Frecherche%2Fachat%2Ftoulon-83000%3Fprix-max%3D500000%26page%3D3,3607.0,
Appartement 3 pièces 67 m²,179000.0,67.0,La Serinette - La Barre,appartement,https://www.bienici.com/annonce/vente/toulon/appartement/3pieces/iad-france-1989586?q=%2Frecherche%2Fachat%2Ftoulon-83000%3Fprix-max%3D500000%26page%3D3,2672.0,
Appartement 2 pièces 55 m²,149000.0,55.0,Champs-de-Mars,appartement,https://www.bienici.com/annonce/vente/toulon/appartement/2pieces/iad-france-1985705?q=%2Frecherche%2Fachat%2Ftoulon-83000%3Fprix-max%3D500000%26page%3D3,2709.0,
Appartement 4 pièces 81 m²,190000.0,81.0,Saint-Roch,appartement,https://www.bienici.com/annonce/vente/toulon/appartement/4pieces/iad-france-1980140?q=%2Frecherche%2Fachat%2Ftoulon-83000%3Fprix-max%3D500000%26page%3D3,2346.0,
Appartement 2 pièces 47 m²,127200.0,47.0,Les Routes,appartement,https://www.bienici.com/annonce/vente/toulon/appartement/2pieces/immo-facile-60035148,2706.0,
Maison 6 pièces 110 m²,325000.0,110.0,Claret,maison,https://www.bienici.com/annonce/vente/toulon/maison/6pieces/hektor-mourillon-382713,2955.0,
Appartement 3 pièces 70 m²,225000.0,70.0,Valbourdin,appartement,https://www.bienici.com/annonce/vente/toulon/appartement/3pieces/iad-france-1963804,3214.0,
Maison 5 pièces 95 m²,430000.0,95.0,Les Routes,maison,https://www.bienici.com/annonce/vente/toulon/maison/5pieces/safti-1-1582297,4526.0,
Appartement 3 pièces 54 m²,139000.0,54.0,Pont du Las,appartement,https://www.bienici.com/annonce/vente/toulon/appartement/3pieces/hektor-gustonimmobilier-5254,2574.0,
Appartement 3 pièces 50 m²,130000.0,50.0,Pont du Las,appartement,https://www.bienici.com/annonce/vente/toulon/appartement/3pieces/iad-france-1964816,2600.0,
Appartement 1 pièce 32 m²,99000.0,32.0,Centre-ville,appartement,https://www.bienici.com/annonce/vente/toulon/appartement/1piece/iad-france-1979039,3094.0,
Appartement 3 pièces 61 m²,185000.0,61.0,Pont de Suve,appartement,https://www.bienici.com/annonce/vente/toulon/appartement/3pieces/iad-france-1972369,3033.0,
Appartement 3 pièces 55 m²,120000.0,55.0,Saint-Jean du Var,appartement,https://www.bienici.com/annonce/vente/toulon/appartement/3pieces/citya-immobilier-41039H-TAPP950392AA,2182.0,
Appartement 2 pièces 40 m²,163000.0,40.0,Font Pré,appartement,https://www.bienici.com/annonce/vente/toulon/appartement/2pieces/iad-france-1973660,4075.0,
Appartement 4 pièces 80 m²,205000.0,80.0,Valbertrand,appartement,https://www.bienici.com/annonce/vente/toulon/appartement/4pieces/iad-france-1970220,2562.0,
Appartement 2 pièces 49 m²,119000.0,49.0,Saint-Roch,appartement,https://www.bienici.com/annonce/vente/toulon/appartement/2pieces/iad-france-1964312,2429.0,
Appartement 5 pièces 100 m²,299000.0,100.0,Aguillon,appartement,https://www.bienici.com/annonce/vente/toulon/appartement/5pieces/iad-france-1961199,2990.0,
Appartement 4 pièces 82 m²,179000.0,82.0,Saint-Roch,appartement,https://www.bienici.com/annonce/vente/toulon/appartement/4pieces/iad-france-1962081,2183.0,
Appartement 2 pièces 62 m²,168000.0,62.0,Haute-ville,appartement,https://www.bienici.com/annonce/vente/toulon/appartement/2pieces/iad-france-1960344,2710.0,
Appartement 1 pièce 32 m²,109000.0,32.0,Sainte-Anne,appartement,https://www.bienici.com/annonce/vente/toulon/appartement/1piece/hektor-gravier11-140,3406.0,
Appartement 3 pièces 71 m²,435000.0,71.0,Sainte-Anne,appartement,https://www.bienici.com/annonce/vente/toulon/appartement/3pieces/hektor-gravier11-159,6127.0,
Appartement 3 pièces 58 m²,139000.0,58.0,Pont du Las,appartement,https://www.bienici.com/annonce/vente/toulon/appartement/3pieces/hektor-gustonimmobilier-5246,2397.0,
Appartement 1 pièce 34 m²,95000.0,34.0,Centre-ville,appartement,https://www.bienici.com/annonce/vente/toulon/appartement/1piece/iad-france-1939681,2794.0,
Appartement 4 pièces 84 m²,225000.0,84.0,Brunet,appartement,https://www.bienici.com/annonce/vente/toulon/appartement/4pieces/iad-france-1930499,2679.0,
Appartement 2 pièces 47 m²,89500.0,47.0,Saint-Roch,appartement,https://www.bienici.com/annonce/vente/toulon/appartement/2pieces/iad-france-1934571,1904.0,
Appartement 3 pièces 65 m²,158000.0,65.0,Pont du Las,appartement,https://www.bienici.com/annonce/vente/toulon/appartement/3pieces/iad-france-1902259,2431.0,
Appartement 4 pièces 74 m²,219000.0,74.0,Claret,appartement,https://www.bienici.com/annonce/vente/toulon/appartement/4pieces/citya-immobilier-41039H-TAPP958130,2959.0,
Appartement 2 pièces 52 m²,169000.0,52.0,Saint-Roch,appartement,https://www.bienici.com/annonce/vente/toulon/appartement/2pieces/iad-france-1931136,3250.0,
Appartement 2 pièces 38 m²,118580.0,38.0,Saint-Roch,appartement,https://www.bienici.com/annonce/vente/toulon/appartement/2pieces/century-21-202_3064_4764,3121.0,
Appartement 3 pièces 66 m²,179990.0,66.0,Barbès,appartement,https://www.bienici.com/annonce/vente/toulon/appartement/3pieces/century-21-202_3064_4173,2727.0,
Appartement 3 pièces 70 m²,159900.0,70.0,Toulon Ouest,appartement,https://www.bienici.com/annonce/vente/toulon/appartement/3pieces/nestenn-1-99939432601,2284.0,
Appartement 3 pièces 55 m²,180000.0,55.0,Toulon (Les Quatre Chemins),appartement,https://www.bienici.com/annonce/vente/toulon/appartement/3pieces/immo-facile-60098761,3273.0,
Appartement 4 pièces 84 m²,165000.0,84.0,Toulon (Pont du Las),appartement,https://www.bienici.com/annonce/vente/toulon/appartement/4pieces/iad-france-1924486,1964.0,
Appartement 4 pièces 70 m²,169000.0,70.0,Toulon (La Chapelle - Saint-André),appartement,https://www.bienici.com/annonce/vente/toulon/appartement/4pieces/iad-france-1911609,2414.0,
Maison 6 pièces 135 m²,500000.0,135.0,Toulon (Ubac - Dardennes - Barbasse - Mont Faron),maison,https://www.bienici.com/annonce/vente/toulon/maison/6pieces/hektor-mourillon-387902,3704.0,
Appartement 3 pièces 56 m²,220000.0,56.0,Toulon (Corniche du Faron),appartement,https://www.bienici.com/annonce/vente/toulon/appartement/3pieces/iad-france-1917442,3929.0,
Appartement 1 pièce 22 m²,99000.0,22.0,Toulon (Le Fort Rouge),appartement,https://www.bienici.com/annonce/vente/toulon/appartement/1piece/iad-france-1904674,4500.0,
Appartement 4 pièces 89 m²,368000.0,89.0,Toulon (Les Routes),appartement,https://www.bienici.com/annonce/vente/toulon/appartement/4pieces/hektor-mtev13600-8074,4135.0,
Appartement 5 pièces 98 m²,299000.0,98.0,Toulon (Brunet),appartement,https://www.bienici.com/annonce/vente/toulon/appartement/5pieces/hektor-jessymmo-1-133,3051.0,
Appartement 2 pièces 51 m²,239000.0,51.0,Toulon (Darboussèdes),appartement,https://www.bienici.com/annonce/vente/toulon/appartement/2pieces/citya-immobilier-41039H-TAPP953519,4686.0,
Appartement 4 pièces 96 m²,270000.0,96.0,Toulon (La Rode),appartement,https://www.bienici.com/annonce/vente/toulon/appartement/4pieces/hektor-consult-23550,2812.0,
Appartement 3 pièces 59 m²,164000.0,59.0,Toulon (Beaulieu),appartement,https://www.bienici.com/annonce/vente/toulon/appartement/3pieces/iad-france-1881011,2780.0,
Appartement 3 pièces 48 m²,99000.0,48.0,Toulon (Saint-Jean du Var),appartement,https://www.bienici.com/annonce/vente/toulon/appartement/3pieces/hektor-gabrieleimmo-421,2062.0,
Appartement 2 pièces 34 m²,99000.0,34.0,Toulon (Brunet),appartement,https://www.bienici.com/annonce/vente/toulon/appartement/2pieces/iad-france-1846075,2912.0,
Appartement 2 pièces 45 m²,239500.0,45.0,Toulon (Saint-Roch),appartement,https://www.bienici.com/annonce/vente/toulon/appartement/2pieces/iad-france-1817801,5322.0,
Appartement 3 pièces 70 m²,237000.0,70.0,Toulon (Le Port),appartement,https://www.bienici.com/annonce/vente/toulon/appartement/3pieces/citya-immobilier-41039H-TAPP933720,3386.0,
Appartement 3 pièces (neuf) 62-63 m²,443000.0,62.0,Toulon (Aguillon),appartement,https://www.bienici.com/annonce/vente/toulon/programme/3pieces/mgc-232426746,7145.16,
Appartement 2 pièces 48 m²,130000.0,48.0,Toulon (Place d'Armes),appartement,https://www.bienici.com/annonce/vente/toulon/appartement/2pieces/iad-france-2013643,2708.0,
Appartement 2 pièces 48 m²,164000.0,48.0,Toulon (Place d'Armes),appartement,https://www.bienici.com/annonce/vente/toulon/appartement/2pieces/ag133861-517469177,3417.0,
Appartement 3 pièces 72 m²,140000.0,72.0,Toulon (Saint-Roch),appartement,https://www.bienici.com/annonce/vente/toulon/appartement/3pieces/ag133861-517463609,1944.0,
Appartement 4 pièces 76 m²,224000.0,76.0,Toulon (La Loubière),appartement,https://www.bienici.com/annonce/vente/toulon/appartement/4pieces/iad-france-2028948,2947.0,
Appartement 2 pièces 40 m² (neuf),189000.0,40.0,Toulon (La Palasse),appartement,https://www.bienici.com/annonce/vente/toulon/programme/2pieces/mgc-BPTLNYAVA281474977328845,4725.0,
Appartement 2 pièces 40 m² (neuf),199000.0,40.0,Toulon (La Palasse),appartement,https://www.bienici.com/annonce/vente/toulon/programme/2pieces/mgc-BPTLNYAVA281474977328848,4975.0,
Appartement 3 pièces 60 m² (neuf),256000.0,60.0,Toulon (La Palasse),appartement,https://www.bienici.com/annonce/vente/toulon/programme/3pieces/mgc-BPTLNYAVA281474977328858,4267.0,
Appartement 3 pièces 65 m² (neuf),315000.0,65.0,Toulon (La Palasse),appartement,https://www.bienici.com/annonce/vente/toulon/programme/3pieces/mgc-BPTLNYAVA281474977328865,4846.0,
Appartement 1 pièce 20 m²,82500.0,20.0,Toulon (Champs-de-Mars),appartement,https://www.bienici.com/annonce/vente/toulon/appartement/1piece/citya-immobilier-41039H-TAPP968105,4125.0,
Appartement 3 pièces 58 m²,155000.0,58.0,Pont du Las,appartement,https://www.bienici.com/annonce/vente/toulon/appartement/3pieces/century-21-202_2305_3361?q=%2Frecherche%2Fachat%2Ftoulon-83000%3Fprix-max%3D500000%26page%3D6&depuis-mise-en-avant=oui,2672.0,
Appartement 3 pièces 65 m²,145000.0,65.0,Pont du Las,appartement,https://www.bienici.com/annonce/vente/toulon/appartement/3pieces/iad-france-2022407?q=%2Frecherche%2Fachat%2Ftoulon-83000%3Fprix-max%3D500000%26page%3D6,2231.0,
Appartement 3 pièces 45 m²,129000.0,45.0,Haute-ville,appartement,https://www.bienici.com/annonce/vente/toulon/appartement/3pieces/safti-1-1613205?q=%2Frecherche%2Fachat%2Ftoulon-83000%3Fprix-max%3D500000%26page%3D6,2867.0,
Appartement 2 pièces 38 m²,90000.0,38.0,Champs-de-Mars,appartement,https://www.bienici.com/annonce/vente/toulon/appartement/2pieces/safti-1-1611200?q=%2Frecherche%2Fachat%2Ftoulon-83000%3Fprix-max%3D500000%26page%3D6,2368.0,
Appartement 4 pièces 86 m²,294200.0,86.0,St Roch,appartement,https://www.bienici.com/annonce/vente/toulon/appartement/4pieces/nestenn-1-99939442246?q=%2Frecherche%2Fachat%2Ftoulon-83000%3Fprix-max%3D500000%26page%3D6,3421.0,
Appartement 4 pièces 87 m²,305000.0,87.0,Haute-ville,appartement,https://www.bienici.com/annonce/vente/toulon/appartement/4pieces/hektor-iboxliberte-390627?q=%2Frecherche%2Fachat%2Ftoulon-83000%3Fprix-max%3D500000%26page%3D6,3506.0,
Appartement 4 pièces 85 m²,278000.0,85.0,La Rode,appartement,https://www.bienici.com/annonce/vente/toulon/appartement/4pieces/era-2-60012977?q=%2Frecherche%2Fachat%2Ftoulon-83000%3Fprix-max%3D500000%26page%3D6,3271.0,
Appartement 2 pièces 50 m²,174000.0,50.0,Valbourdin,appartement,https://www.bienici.com/annonce/vente/toulon/appartement/2pieces/ag835636-515988500?q=%2Frecherche%2Fachat%2Ftoulon-83000%3Fprix-max%3D500000%26page%3D6,3480.0,
Appartement 5 pièces 87 m²,255000.0,87.0,Haute-ville,appartement,https://www.bienici.com/annonce/vente/toulon/appartement/5pieces/safti-1-1610595?q=%2Frecherche%2Fachat%2Ftoulon-83000%3Fprix-max%3D500000%26page%3D6,2931.0,
Appartement 4 pièces 105 m²,315000.0,105.0,La Serinette - La Barre,appartement,https://www.bienici.com/annonce/vente/toulon/appartement/4pieces/ag311656-515452877?q=%2Frecherche%2Fachat%2Ftoulon-83000%3Fprix-max%3D500000%26page%3D6,3000.0,
Appartement 3 pièces 86 m²,395000.0,86.0,Darboussèdes,appartement,https://www.bienici.com/annonce/vente/toulon/appartement/3pieces/immo-facile-60051143?q=%2Frecherche%2Fachat%2Ftoulon-83000%3Fprix-max%3D500000%26page%3D6,4593.0,
Appartement 3 pièces 83 m²,289500.0,83.0,Les Routes,appartement,https://www.bienici.com/annonce/vente/toulon/appartement/3pieces/netty-company53836wbe-appt-14161?q=%2Frecherche%2Fachat%2Ftoulon-83000%3Fprix-max%3D500000%26page%3D6,3488.0,
Appartement 4 pièces 82 m²,223000.0,82.0,Saint-Jean du Var,appartement,https://www.bienici.com/annonce/vente/toulon/appartement/4pieces/netty-company50574bxt-appt-2117?q=%2Frecherche%2Fachat%2Ftoulon-83000%3Fprix-max%3D500000%26page%3D6,2720.0,
Maison 4 pièces 71 m²,345000.0,71.0,La Serinette - La Barre,maison,https://www.bienici.com/annonce/vente/toulon/maison/4pieces/immo-facile-60006022?q=%2Frecherche%2Fachat%2Ftoulon-83000%3Fprix-max%3D500000%26page%3D6,4859.0,
Appartement 4 pièces 81 m²,225000.0,81.0,Valbertrand,appartement,https://www.bienici.com/annonce/vente/toulon/appartement/4pieces/iad-france-2015885?q=%2Frecherche%2Fachat%2Ftoulon-83000%3Fprix-max%3D500000%26page%3D6,2778.0,
Appartement 4 pièces 86 m²,267500.0,86.0,St Roch,appartement,https://www.bienici.com/annonce/vente/toulon/appartement/4pieces/nestenn-1-99939433587?q=%2Frecherche%2Fachat%2Ftoulon-83000%3Fprix-max%3D500000%26page%3D6,3110.0,
Appartement 4 pièces 90 m²,244000.0,90.0,La Rode,appartement,https://www.bienici.com/annonce/vente/toulon/appartement/4pieces/century-21-202_3648_801?q=%2Frecherche%2Fachat%2Ftoulon-83000%3Fprix-max%3D500000%26page%3D6,2711.0,
Appartement 3 pièces 60 m²,273680.0,60.0,Font Pré,appartement,https://www.bienici.com/annonce/vente/toulon/appartement/3pieces/laforet-immo-facile-52341694?q=%2Frecherche%2Fachat%2Ftoulon-83000%3Fprix-max%3D500000%26page%3D6,4561.0,
Appartement 4 pièces 82 m²,179999.0,82.0,Porte d'Italie,appartement,https://www.bienici.com/annonce/vente/toulon/appartement/4pieces/iad-france-2009117?q=%2Frecherche%2Fachat%2Ftoulon-83000%3Fprix-max%3D500000%26page%3D6,2195.0,
Appartement 4 pièces 67 m²,185000.0,67.0,Valbertrand,appartement,https://www.bienici.com/annonce/vente/toulon/appartement/4pieces/immo-facile-60010696?q=%2Frecherche%2Fachat%2Ftoulon-83000%3Fprix-max%3D500000%26page%3D6,2761.0,
Studio 25 m²,87000.0,25.0,Saint-Jean du Var,appartement,https://www.bienici.com/annonce/vente/toulon/appartement/1piece/iad-france-1994024?q=%2Frecherche%2Fachat%2Ftoulon-83000%3Fprix-max%3D500000%26page%3D6,3480.0,
Appartement 4 pièces 95 m²,270000.0,95.0,Brunet,appartement,https://www.bienici.com/annonce/vente/toulon/appartement/4pieces/hektor-lessablettes-390348?q=%2Frecherche%2Fachat%2Ftoulon-83000%3Fprix-max%3D500000%26page%3D6,2842.0,
Maison 5 pièces 91 m²,350000.0,91.0,Les Quatre Chemins,maison,https://www.bienici.com/annonce/vente/toulon/maison/5pieces/ag922880-512198780?q=%2Frecherche%2Fachat%2Ftoulon-83000%3Fprix-max%3D500000%26page%3D6,3846.0,
Appartement 3 pièces 70 m²,130000.0,70.0,Le Port,appartement,https://www.bienici.com/annonce/vente/toulon/appartement/3pieces/iad-france-1994649?q=%2Frecherche%2Fachat%2Ftoulon-83000%3Fprix-max%3D500000%26page%3D6,1857.0,
Appartement 1 pièce 34 m²,98500.0,34.0,Valbertrand,appartement,https://www.bienici.com/annonce/vente/toulon/appartement/1piece/nestenn-1-99939420941?q=%2Frecherche%2Fachat%2Ftoulon-83000%3Fprix-max%3D500000%26page%3D6,2897.0,
Appartement 3 pièces 57 m²,134000.0,57.0,Les Lices,appartement,https://www.bienici.com/annonce/vente/toulon/appartement/3pieces/hektor-adlc1000-42734,2351.0,
Appartement 6 pièces 153 m²,345000.0,153.0,Claret,appartement,https://www.bienici.com/annonce/vente/toulon/appartement/6pieces/immo-facile-58747829,2255.0,
Appartement 3 pièces 71 m²,216000.0,71.0,Saint-Roch,appartement,https://www.bienici.com/annonce/vente/toulon/appartement/3pieces/hektor-atlasimmobilier-390031,3042.0,
Appartement 4 pièces 85 m²,246000.0,85.0,Valbourdin,appartement,https://www.bienici.com/annonce/vente/toulon/appartement/4pieces/hektor-atlasimmobilier-390243,2894.0,
Maison 4 pièces 97 m²,332000.0,97.0,Saint-Jean du Var,maison,https://www.bienici.com/annonce/vente/toulon/maison/4pieces/ag311656-511763897,3423.0,
Appartement 2 pièces 31 m²,85000.0,31.0,Saint-Roch,appartement,https://www.bienici.com/annonce/vente/toulon/appartement/2pieces/iad-france-2001541,2742.0,
Appartement 3 pièces 64 m²,139000.0,64.0,Saint-Roch,appartement,https://www.bienici.com/annonce/vente/toulon/appartement/3pieces/ag832778-511242071,2172.0,
Maison 4 pièces 90 m²,390000.0,90.0,Pont de Bois,maison,https://www.bienici.com/annonce/vente/toulon/maison/4pieces/hektor-atlasimmobilier-390230,4333.0,
Appartement 4 pièces 74 m²,204000.0,74.0,Saint-Jean du Var,appartement,https://www.bienici.com/annonce/vente/toulon/appartement/4pieces/hektor-lpaimmo-27295,2757.0,
Appartement 3 pièces 43 m²,152700.0,43.0,Porte d'Italie,appartement,https://www.bienici.com/annonce/vente/toulon/appartement/3pieces/netty-company53630wyb-appt-2657,3551.0,
Maison 4 pièces 60 m²,336000.0,60.0,La Loubière,maison,https://www.bienici.com/annonce/vente/toulon/maison/4pieces/hektor-1_miralles-immo-5665,5600.0,
Appartement 2 pièces 45 m²,97470.0,45.0,Champs-de-Mars,appartement,https://www.bienici.com/annonce/vente/toulon/appartement/2pieces/century-21-202_3064_4985,2166.0,
Appartement 2 pièces 40 m²,102800.0,40.0,Champs-de-Mars,appartement,https://www.bienici.com/annonce/vente/toulon/appartement/2pieces/century-21-202_3064_4984,2570.0,
Maison 5 pièces 124 m²,348000.0,124.0,La Palasse,maison,https://www.bienici.com/annonce/vente/toulon/maison/5pieces/netty-company38777ezz-house-2656,2806.0,
Appartement 4 pièces 90 m²,203900.0,90.0,Pont du Las,appartement,https://www.bienici.com/annonce/vente/toulon/appartement/4pieces/netty-company53630wyb-appt-2640,2266.0,
Appartement 3 pièces 54 m²,230000.0,54.0,Rodeilhac,appartement,https://www.bienici.com/annonce/vente/toulon/appartement/3pieces/hektor-2_GRECHTOULON2023-113890,4259.0,
Appartement 3 pièces 45 m²,205000.0,45.0,Pont du Las,appartement,https://www.bienici.com/annonce/vente/toulon/appartement/3pieces/iad-france-1995169,4556.0,
Appartement 3 pièces 56 m²,215000.0,56.0,Pont de Bois,appartement,https://www.bienici.com/annonce/vente/toulon/appartement/3pieces/hektor-atlasimmobilier-390145,3839.0,
Maison 2 pièces 44 m²,179000.0,44.0,Corniche du Faron,maison,https://www.bienici.com/annonce/vente/toulon/maison/2pieces/hektor-royal-immo-31091,4068.0,
Maison 3 pièces 61 m²,369000.0,61.0,Beaulieu,maison,https://www.bienici.com/annonce/vente/toulon/maison/3pieces/century-21-202_3276_1997,6049.0,
Appartement 1 pièce 39 m²,139000.0,39.0,Centre-ville,appartement,https://www.bienici.com/annonce/vente/toulon/appartement/1piece/iad-france-1992410,3564.0,
Maison 3 pièces 48 m²,219000.0,48.0,Saint-Roch,maison,https://www.bienici.com/annonce/vente/toulon/maison/3pieces/dr-house-immo-1-2130502,4562.0,
Appartement 4 pièces 80 m²,344500.0,80.0,Le Mourillon - La Mitre - Fort Lamalgue,appartement,https://www.bienici.com/annonce/vente/toulon/appartement/4pieces/hektor-mourillon-390103,4306.0,
Appartement 2 pièces 38 m²,155000.0,38.0,Valbertrand,appartement,https://www.bienici.com/annonce/vente/toulon/appartement/2pieces/iad-france-1989634,4079.0,
Appartement 3 pièces 54 m²,187700.0,54.0,Porte d'Italie,appartement,https://www.bienici.com/annonce/vente/toulon/appartement/3pieces/safti-1-1582677,3476.0,
Appartement 3 pièces 55 m²,169000.0,55.0,Toulon,appartement,https://www.bienici.com/annonce/vente/toulon/appartement/3pieces/nestenn-1-99939438573?q=%2Frecherche%2Fachat%2Ftoulon-83000%3Fprix-max%3D500000%26page%3D8&depuis-mise-en-avant=oui,3073.0,
Appartement 3 pièces 44 m²,160000.0,44.0,Toulon (Le Mourillon - La Mitre - Fort Lamalgue),appartement,https://www.bienici.com/annonce/vente/toulon/appartement/3pieces/ag835694-492416873?q=%2Frecherche%2Fachat%2Ftoulon-83000%3Fprix-max%3D500000%26page%3D8&depuis-mise-en-avant=oui,3636.0,
Appartement 3 pièces 66 m²,219000.0,66.0,Toulon (Saint-Jean du Var),appartement,https://www.bienici.com/annonce/vente/toulon/appartement/3pieces/safti-1-1584188?q=%2Frecherche%2Fachat%2Ftoulon-83000%3Fprix-max%3D500000%26page%3D8,3318.0,
Appartement 3 pièces 57 m²,115000.0,57.0,Toulon (Bon Rencontre),appartement,https://www.bienici.com/annonce/vente/toulon/appartement/3pieces/hektor-quadrimmo-454?q=%2Frecherche%2Fachat%2Ftoulon-83000%3Fprix-max%3D500000%26page%3D8,2018.0,
Appartement 2 pièces 51 m²,242000.0,51.0,Toulon (Le Cap Brun - Le Petit Bois),appartement,https://www.bienici.com/annonce/vente/toulon/appartement/2pieces/hektor-royalimmolavaletteduvar-31035?q=%2Frecherche%2Fachat%2Ftoulon-83000%3Fprix-max%3D500000%26page%3D8,4745.0,
Appartement 1 pièce 25 m²,85000.0,25.0,Toulon (Saint-Jean du Var),appartement,https://www.bienici.com/annonce/vente/toulon/appartement/1piece/citya-immobilier-41039H-TAPP497007A?q=%2Frecherche%2Fachat%2Ftoulon-83000%3Fprix-max%3D500000%26page%3D8,3400.0,
Maison 2 pièces 50 m²,129000.0,50.0,Toulon (Aguillon),maison,https://www.bienici.com/annonce/vente/toulon/maison/2pieces/iad-france-1986310?q=%2Frecherche%2Fachat%2Ftoulon-83000%3Fprix-max%3D500000%26page%3D8,2580.0,
Appartement 4 pièces 70 m²,197000.0,70.0,Toulon (Font Pré),appartement,https://www.bienici.com/annonce/vente/toulon/appartement/4pieces/safti-1-1570149?q=%2Frecherche%2Fachat%2Ftoulon-83000%3Fprix-max%3D500000%26page%3D8,2814.0,
Maison 5 pièces 90 m²,420000.0,90.0,Toulon (Valbourdin),maison,https://www.bienici.com/annonce/vente/toulon/maison/5pieces/immo-facile-59767536?q=%2Frecherche%2Fachat%2Ftoulon-83000%3Fprix-max%3D500000%26page%3D8,4667.0,
Appartement 2 pièces 46 m²,120000.0,46.0,Toulon (La Palasse),appartement,https://www.bienici.com/annonce/vente/toulon/appartement/2pieces/netty-company39367fem-appt-3493?q=%2Frecherche%2Fachat%2Ftoulon-83000%3Fprix-max%3D500000%26page%3D8,2609.0,
Appartement 5 pièces 102 m²,249000.0,102.0,Toulon (Bon Rencontre),appartement,https://www.bienici.com/annonce/vente/toulon/appartement/5pieces/ag311656-506961788?q=%2Frecherche%2Fachat%2Ftoulon-83000%3Fprix-max%3D500000%26page%3D8,2441.0,
Appartement 1 pièce 34 m²,86000.0,34.0,Toulon (Haute-ville),appartement,https://www.bienici.com/annonce/vente/toulon/appartement/1piece/safti-1-1582616?q=%2Frecherche%2Fachat%2Ftoulon-83000%3Fprix-max%3D500000%26page%3D8,2529.0,
Appartement 5 pièces 80 m²,169000.0,80.0,Toulon (Pont du Las),appartement,https://www.bienici.com/annonce/vente/toulon/appartement/5pieces/iad-france-1979627?q=%2Frecherche%2Fachat%2Ftoulon-83000%3Fprix-max%3D500000%26page%3D8,2112.0,
Appartement 3 pièces 67 m²,265000.0,67.0,Toulon (Le Mourillon - La Mitre - Fort Lamalgue),appartement,https://www.bienici.com/annonce/vente/toulon/appartement/3pieces/immo-facile-59726285?q=%2Frecherche%2Fachat%2Ftoulon-83000%3Fprix-max%3D500000%26page%3D8,3955.0,
Appartement 4 pièces 88 m²,176000.0,88.0,Toulon (Claret),appartement,https://www.bienici.com/annonce/vente/toulon/appartement/4pieces/iad-france-1970161?q=%2Frecherche%2Fachat%2Ftoulon-83000%3Fprix-max%3D500000%26page%3D8,2000.0,
Appartement 8 pièces 158 m²,495000.0,158.0,Toulon (Haute-ville),appartement,https://www.bienici.com/annonce/vente/toulon/appartement/8pieces/safti-1-1575356?q=%2Frecherche%2Fachat%2Ftoulon-83000%3Fprix-max%3D500000%26page%3D8,3133.0,
Appartement 4 pièces 80 m²,450000.0,80.0,Toulon (Le Port),appartement,https://www.bienici.com/annonce/vente/toulon/appartement/4pieces/netty-company54396zsr-appt-31974?q=%2Frecherche%2Fachat%2Ftoulon-83000%3Fprix-max%3D500000%26page%3D8,5625.0,
Appartement 3 pièces 58 m²,169000.0,58.0,Toulon (Jonquet - Guynemer),appartement,https://www.bienici.com/annonce/vente/toulon/appartement/3pieces/hektor-royal-immo-30880?q=%2Frecherche%2Fachat%2Ftoulon-83000%3Fprix-max%3D500000%26page%3D8,2914.0,
Maison 6 pièces 140 m²,440000.0,140.0,Toulon (Pont de Bois),maison,https://www.bienici.com/annonce/vente/toulon/maison/6pieces/immo-facile-59628552?q=%2Frecherche%2Fachat%2Ftoulon-83000%3Fprix-max%3D500000%26page%3D8,3143.0,
Appartement 4 pièces 62 m²,114999.0,62.0,Toulon (Saint-Roch),appartement,https://www.bienici.com/annonce/vente/toulon/appartement/4pieces/iad-france-1969751?q=%2Frecherche%2Fachat%2Ftoulon-83000%3Fprix-max%3D500000%26page%3D8,1855.0,
Appartement 2 pièces 47 m²,125000.0,47.0,Toulon (Saint-Roch),appartement,https://www.bienici.com/annonce/vente/toulon/appartement/2pieces/iad-france-1969433?q=%2Frecherche%2Fachat%2Ftoulon-83000%3Fprix-max%3D500000%26page%3D8,2660.0,
Appartement 3 pièces 65 m²,340000.0,65.0,Toulon (Le Mourillon - La Mitre - Fort Lamalgue),appartement,https://www.bienici.com/annonce/vente/toulon/appartement/3pieces/ag832778-502789403?q=%2Frecherche%2Fachat%2Ftoulon-83000%3Fprix-max%3D500000%26page%3D8,5231.0,
Appartement 3 pièces 63 m²,147000.0,63.0,Toulon (Saint-Roch),appartement,https://www.bienici.com/annonce/vente/toulon/appartement/3pieces/iad-france-1962353?q=%2Frecherche%2Fachat%2Ftoulon-83000%3Fprix-max%3D500000%26page%3D8,2333.0,
Appartement 3 pièces 74 m²,399000.0,74.0,Toulon (Porte d'Italie),appartement,https://www.bienici.com/annonce/vente/toulon/appartement/3pieces/safti-1-1564105?q=%2Frecherche%2Fachat%2Ftoulon-83000%3Fprix-max%3D500000%26page%3D8,5392.0,
Appartement 4 pièces 98 m²,195700.0,98.0,Toulon (Saint-Roch),appartement,https://www.bienici.com/annonce/vente/toulon/appartement/4pieces/netty-company53630wyb-appt-2625?q=%2Frecherche%2Fachat%2Ftoulon-83000%3Fprix-max%3D500000%26page%3D8,1997.0,
Appartement 2 pièces 49 m²,149000.0,49.0,Toulon (Champs-de-Mars),appartement,https://www.bienici.com/annonce/vente/toulon/appartement/2pieces/iad-france-1954506?q=%2Frecherche%2Fachat%2Ftoulon-83000%3Fprix-max%3D500000%26page%3D8,3041.0,
Appartement 4 pièces 77 m²,244000.0,77.0,Proche de la Serinette et du quartier d'Aguillon,appartement,https://www.bienici.com/annonce/vente/toulon/appartement/4pieces/century-21-202_3648_645?q=%2Frecherche%2Fachat%2Ftoulon-83000%3Fprix-max%3D500000%26page%3D9&depuis-mise-en-avant=oui,3169.0,
JARDIN BONFANTE (appartements neufs 2 à 4 pièces),202500.0,43.0,Bonfante-Florane,appartement,"https://www.bienici.com/annonce/vente/toulon/programme/2,4piece/mgc-247950932_345?q=%2Frecherche%2Fachat%2Ftoulon-83000%3Fprix-max%3D500000%26page%3D9&depuis-mise-en-avant=oui",4709.3,
Appartement 2 pièces 45 m²,159000.0,45.0,Champs-de-Mars,appartement,https://www.bienici.com/annonce/vente/toulon/appartement/2pieces/ag311656-499845731?q=%2Frecherche%2Fachat%2Ftoulon-83000%3Fprix-max%3D500000%26page%3D9,3533.0,
Appartement 4 pièces 71 m²,273000.0,71.0,Porte d'Italie,appartement,https://www.bienici.com/annonce/vente/toulon/appartement/4pieces/safti-1-1563413?q=%2Frecherche%2Fachat%2Ftoulon-83000%3Fprix-max%3D500000%26page%3D9,3845.0,
Toulon au coeur d'un quartier vivant et commerçant (appartements neufs 2 à 4 pièces),206604.0,40.0,Pont du Las,appartement,"https://www.bienici.com/annonce/vente/toulon/programme/2,4piece/visiteonline-p_6075471?q=%2Frecherche%2Fachat%2Ftoulon-83000%3Fprix-max%3D500000%26page%3D9",5165.1,
Appartement 2 pièces 50 m²,118000.0,50.0,Pont du Las,appartement,https://www.bienici.com/annonce/vente/toulon/appartement/2pieces/hektor-lessablettes-388495?q=%2Frecherche%2Fachat%2Ftoulon-83000%3Fprix-max%3D500000%26page%3D9,2360.0,
Appartement 3 pièces 35 m²,119000.0,35.0,La Loubière,appartement,https://www.bienici.com/annonce/vente/toulon/appartement/3pieces/iad-france-1945915?q=%2Frecherche%2Fachat%2Ftoulon-83000%3Fprix-max%3D500000%26page%3D9,3400.0,
Maison 4 pièces 116 m²,346500.0,116.0,La Palasse,maison,https://www.bienici.com/annonce/vente/toulon/maison/4pieces/century-21-202_3064_3995?q=%2Frecherche%2Fachat%2Ftoulon-83000%3Fprix-max%3D500000%26page%3D9,2987.0,
Appartement 3 pièces 59 m²,284000.0,59.0,Beaulieu,appartement,https://www.bienici.com/annonce/vente/toulon/appartement/3pieces/immo-facile-58164082?q=%2Frecherche%2Fachat%2Ftoulon-83000%3Fprix-max%3D500000%26page%3D9,4814.0,
Maison 3 pièces 79 m²,308000.0,79.0,L'Escaillon,maison,https://www.bienici.com/annonce/vente/toulon/maison/3pieces/ag311656-496889390?q=%2Frecherche%2Fachat%2Ftoulon-83000%3Fprix-max%3D500000%26page%3D9,3899.0,
Appartement 3 pièces 64 m²,135000.0,64.0,Rodeilhac,appartement,https://www.bienici.com/annonce/vente/toulon/appartement/3pieces/century-21-202_2305_3493?q=%2Frecherche%2Fachat%2Ftoulon-83000%3Fprix-max%3D500000%26page%3D9,2109.0,
Maison 3 pièces 71 m²,261000.0,71.0,L'Escaillon,maison,https://www.bienici.com/annonce/vente/toulon/maison/3pieces/safti-1-1546896?q=%2Frecherche%2Fachat%2Ftoulon-83000%3Fprix-max%3D500000%26page%3D9,3676.0,
Appartement 3 pièces 84 m²,289000.0,84.0,Le Mourillon - La Mitre - Fort Lamalgue,appartement,https://www.bienici.com/annonce/vente/toulon/appartement/3pieces/hektor-royal-immo-30484?q=%2Frecherche%2Fachat%2Ftoulon-83000%3Fprix-max%3D500000%26page%3D9,3440.0,
Appartement 4 pièces 94 m²,266000.0,94.0,Place d'Armes,appartement,https://www.bienici.com/annonce/vente/toulon/appartement/4pieces/ag440414-494919563?q=%2Frecherche%2Fachat%2Ftoulon-83000%3Fprix-max%3D500000%26page%3D9,2830.0,
Appartement 4 pièces 112 m²,499000.0,112.0,Centre-ville,appartement,https://www.bienici.com/annonce/vente/toulon/appartement/4pieces/ag832778-494276882?q=%2Frecherche%2Fachat%2Ftoulon-83000%3Fprix-max%3D500000%26page%3D9,4455.0,
Appartement 3 pièces 70 m²,129000.0,70.0,Pont du Las,appartement,https://www.bienici.com/annonce/vente/toulon/appartement/3pieces/hektor-consult-23564?q=%2Frecherche%2Fachat%2Ftoulon-83000%3Fprix-max%3D500000%26page%3D9,1843.0,
Appartement 4 pièces 69 m²,169000.0,69.0,Aguillon,appartement,https://www.bienici.com/annonce/vente/toulon/appartement/4pieces/dr-house-immo-1-3125718?q=%2Frecherche%2Fachat%2Ftoulon-83000%3Fprix-max%3D500000%26page%3D9,2449.0,
Maison 4 pièces 125 m²,499000.0,125.0,Ubac - Dardennes - Barbasse - Mont Faron,maison,https://www.bienici.com/annonce/vente/toulon/maison/4pieces/immo-facile-59321301?q=%2Frecherche%2Fachat%2Ftoulon-83000%3Fprix-max%3D500000%26page%3D9,3992.0,
Appartement 3 pièces 75 m²,179000.0,75.0,Saint-Jean du Var,appartement,https://www.bienici.com/annonce/vente/toulon/appartement/3pieces/iad-france-1922695?q=%2Frecherche%2Fachat%2Ftoulon-83000%3Fprix-max%3D500000%26page%3D9,2387.0,
Appartement 4 pièces 67 m²,229500.0,67.0,Les Lices,appartement,https://www.bienici.com/annonce/vente/toulon/appartement/4pieces/ag832778-491786456?q=%2Frecherche%2Fachat%2Ftoulon-83000%3Fprix-max%3D500000%26page%3D9,3425.0,
Duplex 3 pièces 76 m²,318000.0,76.0,Ubac - Dardennes - Barbasse - Mont Faron,appartement,https://www.bienici.com/annonce/vente/toulon/appartement/3pieces/hektor-gabrieleimmo-463?q=%2Frecherche%2Fachat%2Ftoulon-83000%3Fprix-max%3D500000%26page%3D9,4184.0,
Appartement 4 pièces 66 m²,180000.0,66.0,Aguillon,appartement,https://www.bienici.com/annonce/vente/toulon/appartement/4pieces/hektor-lessablettes-387882?q=%2Frecherche%2Fachat%2Ftoulon-83000%3Fprix-max%3D500000%26page%3D9,2727.0,
Appartement 4 pièces 130 m²,500000.0,130.0,Haute-ville,appartement,https://www.bienici.com/annonce/vente/toulon/appartement/4pieces/hektor-centreville-387846?q=%2Frecherche%2Fachat%2Ftoulon-83000%3Fprix-max%3D500000%26page%3D9,3846.0,
Appartement 3 pièces 70 m²,295000.0,70.0,Porte d'Italie,appartement,https://www.bienici.com/annonce/vente/toulon/appartement/3pieces/safti-1-1527566?q=%2Frecherche%2Fachat%2Ftoulon-83000%3Fprix-max%3D500000%26page%3D9,4214.0,
Appartement 3 pièces 54 m²,177000.0,54.0,Bon Rencontre,appartement,https://www.bienici.com/annonce/vente/toulon/appartement/3pieces/ag752647-488231873?q=%2Frecherche%2Fachat%2Ftoulon-83000%3Fprix-max%3D500000%26page%3D9,3278.0,
Appartement 3 pièces 60 m²,179900.0,60.0,Jonquet - Guynemer,appartement,https://www.bienici.com/annonce/vente/toulon/appartement/3pieces/century-21-202_2305_3255?q=%2Frecherche%2Fachat%2Ftoulon-83000%3Fprix-max%3D500000%26page%3D10&depuis-mise-en-avant=oui,2998.0,
Appartement 2 pièces 64 m²,243500.0,64.0,Le Port,appartement,https://www.bienici.com/annonce/vente/toulon/appartement/2pieces/gedeon-32297411?q=%2Frecherche%2Fachat%2Ftoulon-83000%3Fprix-max%3D500000%26page%3D10&depuis-mise-en-avant=oui,3805.0,
Appartement 1 pièce 34 m²,112000.0,34.0,Pont de Bois,appartement,https://www.bienici.com/annonce/vente/toulon/appartement/1piece/nestenn-1-99938100348?q=%2Frecherche%2Fachat%2Ftoulon-83000%3Fprix-max%3D500000%26page%3D10,3294.0,
Appartement 2 pièces 47 m²,107000.0,47.0,Brunet,appartement,https://www.bienici.com/annonce/vente/toulon/appartement/2pieces/nestenn-1-99939309897?q=%2Frecherche%2Fachat%2Ftoulon-83000%3Fprix-max%3D500000%26page%3D10,2277.0,
Appartement 4 pièces 83 m²,290000.0,83.0,La Serinette - La Barre,appartement,https://www.bienici.com/annonce/vente/toulon/appartement/4pieces/ag440414-484798559?q=%2Frecherche%2Fachat%2Ftoulon-83000%3Fprix-max%3D500000%26page%3D10,3494.0,
Appartement 4 pièces 78 m²,220000.0,78.0,Aguillon,appartement,https://www.bienici.com/annonce/vente/toulon/appartement/4pieces/hektor-royalimmolavaletteduvar-27156?q=%2Frecherche%2Fachat%2Ftoulon-83000%3Fprix-max%3D500000%26page%3D10,2821.0,
Appartement 2 pièces 48 m²,97000.0,48.0,Saint-Roch,appartement,https://www.bienici.com/annonce/vente/toulon/appartement/2pieces/iad-france-1886928?q=%2Frecherche%2Fachat%2Ftoulon-83000%3Fprix-max%3D500000%26page%3D10,2021.0,
Maison 2 pièces 61 m²,270000.0,61.0,Siblas,maison,https://www.bienici.com/annonce/vente/toulon/maison/2pieces/iad-france-1883646?q=%2Frecherche%2Fachat%2Ftoulon-83000%3Fprix-max%3D500000%26page%3D10,4426.0,
Appartement 1 pièce 27 m²,71900.0,27.0,Saint-Jean du Var,appartement,https://www.bienici.com/annonce/vente/toulon/appartement/1piece/iad-france-1873067?q=%2Frecherche%2Fachat%2Ftoulon-83000%3Fprix-max%3D500000%26page%3D10,2663.0,
Appartement 4 pièces 67 m²,149000.0,67.0,Saint-Roch,appartement,https://www.bienici.com/annonce/vente/toulon/appartement/4pieces/immo-facile-58906350?q=%2Frecherche%2Fachat%2Ftoulon-83000%3Fprix-max%3D500000%26page%3D10,2224.0,
Appartement 3 pièces 56 m²,114000.0,56.0,Bon Rencontre,appartement,https://www.bienici.com/annonce/vente/toulon/appartement/3pieces/century-21-202_2305_3412?q=%2Frecherche%2Fachat%2Ftoulon-83000%3Fprix-max%3D500000%26page%3D10,2036.0,
Maison 9 pièces 185 m²,495500.0,185.0,Valbourdin,maison,https://www.bienici.com/annonce/vente/toulon/maison/9pieces/hektor-atlasimmobilier-386904?q=%2Frecherche%2Fachat%2Ftoulon-83000%3Fprix-max%3D500000%26page%3D10,2678.0,
Appartement 3 pièces 40 m²,149000.0,40.0,Centre-ville,appartement,https://www.bienici.com/annonce/vente/toulon/appartement/3pieces/iad-france-1848610?q=%2Frecherche%2Fachat%2Ftoulon-83000%3Fprix-max%3D500000%26page%3D10,3725.0,
Appartement 4 pièces 66 m²,124000.0,66.0,Barbès,appartement,https://www.bienici.com/annonce/vente/toulon/appartement/4pieces/hektor-mourillon-386963?q=%2Frecherche%2Fachat%2Ftoulon-83000%3Fprix-max%3D500000%26page%3D10,1879.0,
Appartement 3 pièces 78 m²,320000.0,78.0,Claret,appartement,https://www.bienici.com/annonce/vente/toulon/appartement/3pieces/hektor-sixfours-384445?q=%2Frecherche%2Fachat%2Ftoulon-83000%3Fprix-max%3D500000%26page%3D10,4103.0,
Appartement 5 pièces 127 m²,369000.0,127.0,Haute-ville,appartement,https://www.bienici.com/annonce/vente/toulon/appartement/5pieces/hektor-gabrieleimmo-207?q=%2Frecherche%2Fachat%2Ftoulon-83000%3Fprix-max%3D500000%26page%3D10,2906.0,
Appartement 3 pièces 62 m²,138800.0,62.0,La Loubière,appartement,https://www.bienici.com/annonce/vente/toulon/appartement/3pieces/hektor-adlc1000-41697?q=%2Frecherche%2Fachat%2Ftoulon-83000%3Fprix-max%3D500000%26page%3D10,2239.0,
Appartement 2 pièces 41 m²,95000.0,41.0,Saint-Jean du Var,appartement,https://www.bienici.com/annonce/vente/toulon/appartement/2pieces/netty-company51116skq-appt-1915?q=%2Frecherche%2Fachat%2Ftoulon-83000%3Fprix-max%3D500000%26page%3D10,2317.0,
Maison 4 pièces 67 m²,245000.0,67.0,Pont du Las,maison,https://www.bienici.com/annonce/vente/toulon/maison/4pieces/immo-facile-58056058?q=%2Frecherche%2Fachat%2Ftoulon-83000%3Fprix-max%3D500000%26page%3D10,3657.0,
Appartement 3 pièces 50 m²,206000.0,50.0,Haute-ville,appartement,https://www.bienici.com/annonce/vente/toulon/appartement/3pieces/hektor-grechimmo83000-110657?q=%2Frecherche%2Fachat%2Ftoulon-83000%3Fprix-max%3D500000%26page%3D10,4120.0,
Appartement 3 pièces 46 m²,129000.0,46.0,Centre-ville,appartement,https://www.bienici.com/annonce/vente/toulon/appartement/3pieces/netty-company50574bxt-appt-2017?q=%2Frecherche%2Fachat%2Ftoulon-83000%3Fprix-max%3D500000%26page%3D10,2804.0,
Appartement à vendre - neuf - 4 pièces,945000.0,117.1,Cap Brun,appartement à vendre - neuf,https://www.selogerneuf.com/annonces/neuf/programme/toulon-83/221869365/?serp_view=list&search=distributionTypes%3DBuy%26estateTypes%3DHouse%2CApartment%26locations%3DAD08FR34378&sort_order_ab_test=sort_order_variant&unitId=221869773&feature_aiEnrichment=true#ln=classified_search_results&m=classified_search_results_classified_classified_detail_XL,8070.03,
Duplex à vendre - neuf - 3 pièces,443000.0,62.3,Cap Brun,duplex à vendre - neuf,https://www.selogerneuf.com/annonces/neuf/programme/toulon-83/239013051/?serp_view=list&search=distributionTypes%3DBuy%26estateTypes%3DHouse%2CApartment%26locations%3DAD08FR34378&sort_order_ab_test=sort_order_variant&unitId=239011505&feature_aiEnrichment=true#ln=classified_search_results&m=classified_search_results_classified_classified_detail_XL,7110.75,
Appartement à vendre - neuf - 2 pièces,289000.0,41.0,Cap Brun,appartement à vendre - neuf,https://www.selogerneuf.com/annonces/neuf/programme/toulon-83/253691585/?serp_view=list&search=distributionTypes%3DBuy%26estateTypes%3DHouse%2CApartment%26locations%3DAD08FR34378&sort_order_ab_test=sort_order_variant&unitId=260292485&feature_aiEnrichment=true#ln=classified_search_results&m=classified_search_results_classified_classified_detail_XL,7048.78,
Duplex à vendre - neuf - 4 pièces,990000.0,117.1,Cap Brun,duplex à vendre - neuf,https://www.selogerneuf.com/annonces/neuf/programme/toulon-83/239013051/?serp_view=list&search=distributionTypes%3DBuy%26estateTypes%3DHouse%2CApartment%26locations%3DAD08FR34378&sort_order_ab_test=sort_order_variant&unitId=239011509&feature_aiEnrichment=true#ln=classified_search_results&m=classified_search_results_classified_classified_detail_XL,8454.31,
Maison à vendre - neuf - 4 pièces,642000.0,92.0,Cap Brun,maison à vendre - neuf,https://www.selogerneuf.com/annonces/neuf/programme/toulon-83/239013051/?serp_view=list&search=distributionTypes%3DBuy%26estateTypes%3DHouse%2CApartment%26locations%3DAD08FR34378&sort_order_ab_test=sort_order_variant&unitId=239011517&feature_aiEnrichment=true#ln=classified_search_results&m=classified_search_results_classified_classified_detail_XL,6978.26,
Appartement à vendre - neuf - 3 pièces,393000.0,65.0,Cap Brun,appartement à vendre - neuf,https://www.selogerneuf.com/annonces/neuf/programme/toulon-83/253691585/?serp_view=list&search=distributionTypes%3DBuy%26estateTypes%3DHouse%2CApartment%26locations%3DAD08FR34378&sort_order_ab_test=sort_order_variant&unitId=260294405&feature_aiEnrichment=true#ln=classified_search_results&m=classified_search_results_classified_classified_detail_L,6046.15,
Duplex à vendre - neuf - 4 pièces,1260000.0,151.0,Cap Brun,duplex à vendre - neuf,https://www.selogerneuf.com/annonces/neuf/programme/toulon-83/253691585/?serp_view=list&search=distributionTypes%3DBuy%26estateTypes%3DHouse%2CApartment%26locations%3DAD08FR34378&sort_order_ab_test=sort_order_variant&unitId=253695253&feature_aiEnrichment=true#ln=classified_search_results&m=classified_search_results_classified_classified_detail_XL,8344.37,
Appartement à vendre - 2 pièces,120000.0,46.0,La Roseraie,appartement à vendre,https://www.seloger.com/annonces/achat/appartement/toulon-83/la-roseraie/257809399.htm?serp_view=list&search=distributionTypes%3DBuy%26estateTypes%3DHouse%2CApartment%26locations%3DAD08FR34378&sort_order_ab_test=sort_order_variant&feature_aiEnrichment=true#ln=classified_search_results&m=classified_search_results_classified_classified_detail_XL,2608.7,
Appartement à vendre - neuf - 3 pièces,266000.0,70.3,Saint Jean du Var,appartement à vendre - neuf,https://www.selogerneuf.com/annonces/neuf/programme/toulon-83/238559891/?serp_view=list&search=distributionTypes%3DBuy%26estateTypes%3DHouse%2CApartment%26locations%3DAD08FR34378&sort_order_ab_test=sort_order_variant&unitId=243332661&feature_aiEnrichment=true#ln=classified_search_results&m=classified_search_results_classified_classified_detail_L,3783.78,
Maison à vendre - 11 pièces,1660000.0,326.0,Centre Est,maison à vendre,https://www.seloger.com/annonces/achat/maison/la-valette-du-var-83/centre-est/238010519.htm?serp_view=list&search=distributionTypes%3DBuy%26estateTypes%3DHouse%2CApartment%26locations%3DAD08FR34378&sort_order_ab_test=sort_order_variant&feature_aiEnrichment=true#ln=classified_search_results&m=classified_search_results_classified_classified_detail_XL,5092.02,
Maison à vendre - 4 pièces,310000.0,70.0,Toulon (83000),maison à vendre,https://www.seloger.com/annonces/achat/maison/toulon-83/262527107.htm?serp_view=list&search=distributionTypes%3DBuy%26estateTypes%3DHouse%2CApartment%26locations%3DAD08FR34378&sort_order_ab_test=sort_order_variant&feature_aiEnrichment=true#ln=classified_search_results&m=classified_search_results_classified_classified_detail_XL,4428.57,
Villa à vendre - 14 pièces,4500000.0,550.0,Mourillon-Sud,villa à vendre,https://www.bellesdemeures.com/262570665/detail.htm?serp_view=list&search=distributionTypes%3DBuy%26estateTypes%3DHouse%2CApartment%26locations%3DAD08FR34378&sort_order_ab_test=sort_order_variant&feature_aiEnrichment=true#ln=classified_search_results&m=classified_search_results_classified_classified_detail_L,8181.82,
Appartement à vendre - neuf - 3 pièces,276000.0,58.0,Sainte Musse,appartement à vendre - neuf,https://www.selogerneuf.com/annonces/neuf/programme/toulon-83/256375639/?serp_view=list&search=distributionTypes%3DBuy%26estateTypes%3DHouse%2CApartment%26locations%3DAD08FR34378&sort_order_ab_test=sort_order_variant&unitId=256375835&feature_aiEnrichment=true#ln=classified_search_results&m=classified_search_results_classified_classified_detail_XL,4758.62,
Appartement à vendre - 3 pièces,235400.0,54.0,Brunet,appartement à vendre,https://www.seloger.com/annonces/achat/appartement/toulon-83/brunet/261629789.htm?serp_view=list&search=distributionTypes%3DBuy%26estateTypes%3DHouse%2CApartment%26locations%3DAD08FR34378&sort_order_ab_test=sort_order_variant&feature_aiEnrichment=true#ln=classified_search_results&m=classified_search_results_classified_classified_detail_XL,4359.26,
Appartement à vendre - 3 pièces,164000.0,66.0,Pont-du-Las,appartement à vendre,https://www.seloger.com/annonces/achat/appartement/toulon-83/250529969.htm?serp_view=list&search=distributionTypes%3DBuy%26estateTypes%3DHouse%2CApartment%26locations%3DAD08FR34378&sort_order_ab_test=sort_order_variant&feature_aiEnrichment=true#ln=classified_search_results&m=classified_search_results_classified_classified_detail_XL,2484.85,
Appartement à vendre - 1 pièce,115000.0,22.2,Saint Roch,appartement à vendre,https://www.seloger.com/annonces/achat/appartement/toulon-83/saint-roch/261715439.htm?serp_view=list&search=distributionTypes%3DBuy%26estateTypes%3DHouse%2CApartment%26locations%3DAD08FR34378&sort_order_ab_test=sort_order_variant&feature_aiEnrichment=true#ln=classified_search_results&m=classified_search_results_classified_classified_detail_XL,5180.18,
Appartement à vendre - neuf - 2 pièces,205000.0,42.0,Sainte Musse,appartement à vendre - neuf,https://www.selogerneuf.com/annonces/neuf/programme/toulon-83/256375639/?serp_view=list&search=distributionTypes%3DBuy%26estateTypes%3DHouse%2CApartment%26locations%3DAD08FR34378&sort_order_ab_test=sort_order_variant&unitId=256375839&feature_aiEnrichment=true#ln=classified_search_results&m=classified_search_results_classified_classified_detail_XL,4880.95,
Appartement à vendre - 7 pièces,540000.0,192.0,Puget-Théâtre,appartement à vendre,https://www.bellesdemeures.com/262253741/detail.htm?serp_view=list&search=distributionTypes%3DBuy%26estateTypes%3DHouse%2CApartment%26locations%3DAD08FR34378&sort_order_ab_test=sort_order_variant&feature_aiEnrichment=true#ln=classified_search_results&m=classified_search_results_classified_classified_detail_L,2812.5,
Villa à vendre - neuf - 4 pièces,488000.0,76.4,Les Ameniers,villa à vendre - neuf,https://www.selogerneuf.com/annonces/neuf/programme/toulon-83/251798065/?serp_view=list&search=distributionTypes%3DBuy%26estateTypes%3DHouse%2CApartment%26locations%3DAD08FR34378&sort_order_ab_test=sort_order_variant&unitId=251803739&feature_aiEnrichment=true#ln=classified_search_results&m=classified_search_results_classified_classified_detail_XL,6387.43,
Appartement à vendre - 3 pièces,171200.0,53.7,Aguillon,appartement à vendre,https://www.seloger.com/annonces/achat/appartement/toulon-83/aguillon/261302373.htm?serp_view=list&search=distributionTypes%3DBuy%26estateTypes%3DHouse%2CApartment%26locations%3DAD08FR34378&sort_order_ab_test=sort_order_variant&feature_aiEnrichment=true#ln=classified_search_results&m=classified_search_results_classified_classified_detail_XL,3188.08,
Appartement à vendre - 3 pièces,369000.0,78.0,La Serinette,appartement à vendre,https://www.seloger.com/annonces/achat/appartement/toulon-83/la-serinette/242995883.htm?serp_view=list&search=distributionTypes%3DBuy%26estateTypes%3DHouse%2CApartment%26locations%3DAD08FR34378&sort_order_ab_test=sort_order_variant&feature_aiEnrichment=true#ln=classified_search_results&m=classified_search_results_classified_classified_detail_XL,4730.77,
Maison à vendre - 6 pièces,655000.0,125.0,Toulon (83000),maison à vendre,https://www.seloger.com/annonces/achat/maison/toulon-83/262018065.htm?serp_view=list&search=distributionTypes%3DBuy%26estateTypes%3DHouse%2CApartment%26locations%3DAD08FR34378&sort_order_ab_test=sort_order_variant&feature_aiEnrichment=true#ln=classified_search_results&m=classified_search_results_classified_classified_detail_XL,5240.0,
Appartement à vendre - 4 pièces,199900.0,69.0,Les Routes,appartement à vendre,https://www.seloger.com/annonces/achat/appartement/toulon-83/les-routes/261312257.htm?serp_view=list&search=distributionTypes%3DBuy%26estateTypes%3DHouse%2CApartment%26locations%3DAD08FR34378&sort_order_ab_test=sort_order_variant&feature_aiEnrichment=true#ln=classified_search_results&m=classified_search_results_classified_classified_detail_XL,2897.1,
Appartement à vendre - 3 pièces,214000.0,69.1,La Valette-du-Var (83160),appartement à vendre,https://www.seloger.com/annonces/achat/appartement/la-valette-du-var-83/261714489.htm?serp_view=list&search=distributionTypes%3DBuy%26estateTypes%3DHouse%2CApartment%26locations%3DAD08FR34378&sort_order_ab_test=sort_order_variant&feature_aiEnrichment=true#ln=classified_search_results&m=classified_search_results_classified_classified_detail_XL,3096.96,
Appartement à vendre - 3 pièces,211000.0,62.0,Toulon (83000),appartement à vendre,https://www.seloger.com/annonces/achat/appartement/toulon-83/261450009.htm?serp_view=list&search=distributionTypes%3DBuy%26estateTypes%3DHouse%2CApartment%26locations%3DAD08FR34378&sort_order_ab_test=sort_order_variant&feature_aiEnrichment=true#ln=classified_search_results&m=classified_search_results_classified_classified_detail_XL,3403.23,
Appartement à vendre - 5 pièces,318000.0,100.5,Mourillon-Centre,appartement à vendre,https://www.seloger.com/annonces/achat/appartement/toulon-83/mourillon-centre/261302369.htm?serp_view=list&search=distributionTypes%3DBuy%26estateTypes%3DHouse%2CApartment%26locations%3DAD08FR34378&sort_order_ab_test=sort_order_variant&feature_aiEnrichment=true#ln=classified_search_results&m=classified_search_results_classified_classified_detail_XL,3164.18,
Appartement à vendre - 5 pièces,880000.0,120.0,Mourillon-Centre,appartement à vendre,https://www.seloger.com/annonces/achat/appartement/toulon-83/mourillon-centre/257961581.htm?serp_view=list&search=distributionTypes%3DBuy%26estateTypes%3DHouse%2CApartment%26locations%3DAD08FR34378&sort_order_ab_test=sort_order_variant&feature_aiEnrichment=true#ln=classified_search_results&m=classified_search_results_classified_classified_detail_XL,7333.33,
Appartement à vendre - 2 pièces,242000.0,51.5,Cap Brun,appartement à vendre,https://www.seloger.com/annonces/achat/appartement/toulon-83/cap-brun/258514345.htm?serp_view=list&search=distributionTypes%3DBuy%26estateTypes%3DHouse%2CApartment%26locations%3DAD08FR34378&sort_order_ab_test=sort_order_variant&feature_aiEnrichment=true#ln=classified_search_results&m=classified_search_results_classified_classified_detail_XL,4699.03,
Maison à vendre - neuf - 4 pièces,646000.0,90.0,Cap Brun,maison à vendre - neuf,https://www.selogerneuf.com/annonces/neuf/programme/toulon-83/253691585/?serp_view=list&search=distributionTypes%3DBuy%26estateTypes%3DHouse%2CApartment%26locations%3DAD08FR34378&sort_order_ab_test=sort_order_variant&unitId=253695045&feature_aiEnrichment=true#ln=classified_search_results&m=classified_search_results_classified_classified_detail_XL,7177.78,
Appartement à vendre - neuf - 2 pièces,213000.0,44.7,Pont de Suve-Collet de Gipon,appartement à vendre - neuf,https://www.selogerneuf.com/annonces/neuf/programme/toulon-83/249859347/?serp_view=list&search=distributionTypes%3DBuy%26estateTypes%3DHouse%2CApartment%26locations%3DAD08FR34378&sort_order_ab_test=sort_order_variant&unitId=250550589&feature_aiEnrichment=true#ln=classified_search_results&m=classified_search_results_classified_classified_detail_XL,4765.1,
Appartement à vendre - neuf - 2 pièces,178031.0,42.6,Valbertrand,appartement à vendre - neuf,https://www.selogerneuf.com/annonces/neuf/programme/toulon-83/247006451/?serp_view=list&search=distributionTypes%3DBuy%26estateTypes%3DHouse%2CApartment%26locations%3DAD08FR34378&sort_order_ab_test=sort_order_variant&unitId=258508031&feature_aiEnrichment=true#ln=classified_search_results&m=classified_search_results_classified_classified_detail_L,4179.13,
Appartement à vendre - 5 pièces,1490000.0,153.0,Toulon (83000),appartement à vendre,https://www.seloger.com/annonces/achat/appartement/toulon-83/257074703.htm?serp_view=list&search=distributionTypes%3DBuy%26estateTypes%3DHouse%2CApartment%26locations%3DAD08FR34378&sort_order_ab_test=sort_order_variant&feature_aiEnrichment=true#ln=classified_search_results&m=classified_search_results_classified_classified_detail_XL,9738.56,
