titre,prix,surface,quartier,type,url,prix_m2
Appartement 3 pièces 51 m²,124000,51 m²,Saint-Roch,appartement,https://www.bienici.com/annonce/vente/toulon/appartement/3pieces/hektor-mourillon-388222?q=%2Frecherche%2Fachat%2Ftoulon-83000%3Fprix-max%3D500000%26page%3D2&depuis-mise-en-avant=oui,2431
Appartement 1 pièce 16 m²,79000,16 m²,Le Mourillon - La Mitre - Fort Lamalgue,appartement,https://www.bienici.com/annonce/vente/toulon/appartement/1piece/ag835694-466798136?q=%2Frecherche%2Fachat%2Ftoulon-83000%3Fprix-max%3D500000%26page%3D2&depuis-mise-en-avant=oui,4938
Appartement 4 pièces 85 m²,250000,85 m²,Porte d'Italie,appartement,https://www.bienici.com/annonce/vente/toulon/appartement/4pieces/ag942352-517060844?q=%2Frecherche%2Fachat%2Ftoulon-83000%3Fprix-max%3D500000%26page%3D2,2941
Appartement 1 pièce 41 m²,75000,41 m²,Saint-Jean du Var,appartement,https://www.bienici.com/annonce/vente/toulon/appartement/1piece/citya-immobilier-41039H-TAPP953655?q=%2Frecherche%2Fachat%2Ftoulon-83000%3Fprix-max%3D500000%26page%3D2,1829
Appartement 3 pièces 58 m²,149000,58 m²,Jonquet - Guynemer,appartement,https://www.bienici.com/annonce/vente/toulon/appartement/3pieces/citya-immobilier-41039H-TAPP957816AA?q=%2Frecherche%2Fachat%2Ftoulon-83000%3Fprix-max%3D500000%26page%3D2,2569
Maison 5 pièces 88 m²,470000,88 m²,Sainte-Anne,maison,https://www.bienici.com/annonce/vente/toulon/maison/5pieces/apimo-86796465?q=%2Frecherche%2Fachat%2Ftoulon-83000%3Fprix-max%3D500000%26page%3D2,5341
Appartement 3 pièces 83 m²,175000,83 m²,Saint-Roch,appartement,https://www.bienici.com/annonce/vente/toulon/appartement/3pieces/iad-france-2023702?q=%2Frecherche%2Fachat%2Ftoulon-83000%3Fprix-max%3D500000%26page%3D2,2108
Appartement 2 pièces 41 m²,159000,41 m²,Haute-ville,appartement,https://www.bienici.com/annonce/vente/toulon/appartement/2pieces/iad-france-2023241?q=%2Frecherche%2Fachat%2Ftoulon-83000%3Fprix-max%3D500000%26page%3D2,3878
Appartement 3 pièces 70 m²,223230,70 m²,La Rode,appartement,https://www.bienici.com/annonce/vente/toulon/appartement/3pieces/century-21-202_3064_5007?q=%2Frecherche%2Fachat%2Ftoulon-83000%3Fprix-max%3D500000%26page%3D2,3189
Appartement 2 pièces 50 m²,149000,50 m²,Centre-ville,appartement,https://www.bienici.com/annonce/vente/toulon/appartement/2pieces/iad-france-2020890?q=%2Frecherche%2Fachat%2Ftoulon-83000%3Fprix-max%3D500000%26page%3D2,2980
Appartement 2 pièces 38 m²,114000,38 m²,Saint-Roch,appartement,https://www.bienici.com/annonce/vente/toulon/appartement/2pieces/citya-immobilier-41039H-TAPP961596?q=%2Frecherche%2Fachat%2Ftoulon-83000%3Fprix-max%3D500000%26page%3D2,3000
Appartement 3 pièces 50 m²,128900,50 m²,Saint-Roch,appartement,https://www.bienici.com/annonce/vente/toulon/appartement/3pieces/hektor-bretteimmobilieranne-19935?q=%2Frecherche%2Fachat%2Ftoulon-83000%3Fprix-max%3D500000%26page%3D2,2578
Appartement 2 pièces 54 m²,124500,54 m²,Saint-Roch,appartement,https://www.bienici.com/annonce/vente/toulon/appartement/2pieces/citya-immobilier-41039H-TAPP946334A?q=%2Frecherche%2Fachat%2Ftoulon-83000%3Fprix-max%3D500000%26page%3D2,2306
Appartement 2 pièces 43 m²,138000,43 m²,Saint-Jean du Var,appartement,https://www.bienici.com/annonce/vente/toulon/appartement/2pieces/citya-immobilier-41039H-TAPP967570?q=%2Frecherche%2Fachat%2Ftoulon-83000%3Fprix-max%3D500000%26page%3D2,3209
Appartement 4 pièces 104 m²,346625,104 m²,Pont de Suve,appartement,https://www.bienici.com/annonce/vente/toulon/appartement/4pieces/ag060811-515420138?q=%2Frecherche%2Fachat%2Ftoulon-83000%3Fprix-max%3D500000%26page%3D2,3333
Appartement 1 pièce 22 m²,79900,22 m²,Champs-de-Mars,appartement,https://www.bienici.com/annonce/vente/toulon/appartement/1piece/citya-immobilier-41039H-TAPP966009?q=%2Frecherche%2Fachat%2Ftoulon-83000%3Fprix-max%3D500000%26page%3D2,3632
Appartement 2 pièces 45 m²,147500,45 m²,Aguillon,appartement,https://www.bienici.com/annonce/vente/toulon/appartement/2pieces/iad-france-2017196?q=%2Frecherche%2Fachat%2Ftoulon-83000%3Fprix-max%3D500000%26page%3D2,3278
Appartement 3 pièces 78 m²,263750,78 m²,Sainte-Anne,appartement,https://www.bienici.com/annonce/vente/toulon/appartement/3pieces/hektor-bretteimmobilieranne-16796?q=%2Frecherche%2Fachat%2Ftoulon-83000%3Fprix-max%3D500000%26page%3D2,3381
Appartement 3 pièces 77 m²,190000,77 m²,Valbertrand,appartement,https://www.bienici.com/annonce/vente/toulon/appartement/3pieces/iad-france-2014095?q=%2Frecherche%2Fachat%2Ftoulon-83000%3Fprix-max%3D500000%26page%3D2,2468
Appartement 2 pièces 58 m²,166000,58 m²,Pont du Las,appartement,https://www.bienici.com/annonce/vente/toulon/appartement/2pieces/iad-france-2011783?q=%2Frecherche%2Fachat%2Ftoulon-83000%3Fprix-max%3D500000%26page%3D2,2862
Appartement 3 pièces 61 m²,282000,61 m²,Valbertrand,appartement,https://www.bienici.com/annonce/vente/toulon/appartement/3pieces/iad-france-2012321?q=%2Frecherche%2Fachat%2Ftoulon-83000%3Fprix-max%3D500000%26page%3D2,4623
Appartement 4 pièces 82 m²,448000,82 m²,Haute-ville,appartement,https://www.bienici.com/annonce/vente/toulon/appartement/4pieces/iad-france-2013908?q=%2Frecherche%2Fachat%2Ftoulon-83000%3Fprix-max%3D500000%26page%3D2,5463
Appartement 3 pièces 53 m²,172000,53 m²,Aguillon,appartement,https://www.bienici.com/annonce/vente/toulon/appartement/3pieces/iad-france-2013120?q=%2Frecherche%2Fachat%2Ftoulon-83000%3Fprix-max%3D500000%26page%3D2,3245
Appartement 2 pièces 36 m²,170000,36 m²,Font Pré,appartement,https://www.bienici.com/annonce/vente/toulon/appartement/2pieces/iad-france-2012283?q=%2Frecherche%2Fachat%2Ftoulon-83000%3Fprix-max%3D500000%26page%3D2,4722
Duplex 3 pièces 86 m²,318000,86 m²,Le Mourillon - La Mitre - Fort Lamalgue,appartement,https://www.bienici.com/annonce/vente/toulon/appartement/3pieces/iad-france-2011159?q=%2Frecherche%2Fachat%2Ftoulon-83000%3Fprix-max%3D500000%26page%3D2,3698
Appartement 3 pièces 59 m²,179000,59 m²,Pont de Bois,appartement,https://www.bienici.com/annonce/vente/toulon/appartement/3pieces/iad-france-2010657?q=%2Frecherche%2Fachat%2Ftoulon-83000%3Fprix-max%3D500000%26page%3D2,3034
Appartement 3 pièces 78 m²,263750,78 m²,Sainte-Anne,appartement,https://www.bienici.com/annonce/vente/toulon/appartement/3pieces/hektor-bretteimmobilieranne-16796?q=%2Frecherche%2Fachat%2Ftoulon-83000%3Fprix-max%3D500000%26page%3D3&depuis-mise-en-avant=oui,3381
ROSA NOVA (appartements neufs 3 pièces),234000,63 à 71 m²,Saint-Jean du Var,appartement,https://www.bienici.com/annonce/vente/toulon/programme/3pieces/bouygues-immobilier-030-283YS2?q=%2Frecherche%2Fachat%2Ftoulon-83000%3Fprix-max%3D500000%26page%3D3&depuis-mise-en-avant=oui,
Appartement 4 pièces 70 m²,205000,70 m²,Pont de Bois,appartement,https://www.bienici.com/annonce/vente/toulon/appartement/4pieces/iad-france-2007306?q=%2Frecherche%2Fachat%2Ftoulon-83000%3Fprix-max%3D500000%26page%3D3,2929
Appartement 1 pièce 32 m²,138000,32 m²,Aguillon,appartement,https://www.bienici.com/annonce/vente/toulon/appartement/1piece/citya-immobilier-41039H-TAPP965365?q=%2Frecherche%2Fachat%2Ftoulon-83000%3Fprix-max%3D500000%26page%3D3,4312
Appartement 5 pièces 72 m²,267000,72 m²,Centre-ville,appartement,https://www.bienici.com/annonce/vente/toulon/appartement/5pieces/hektor-lessablettes-390355?q=%2Frecherche%2Fachat%2Ftoulon-83000%3Fprix-max%3D500000%26page%3D3,3708
Appartement 4 pièces 107 m²,497000,107 m²,Siblas,appartement,https://www.bienici.com/annonce/vente/toulon/appartement/4pieces/hektor-grechimmo83000-113961?q=%2Frecherche%2Fachat%2Ftoulon-83000%3Fprix-max%3D500000%26page%3D3,4645
Appartement 1 pièce 38 m²,118000,38 m²,Centre-ville,appartement,https://www.bienici.com/annonce/vente/toulon/appartement/1piece/iad-france-2002873?q=%2Frecherche%2Fachat%2Ftoulon-83000%3Fprix-max%3D500000%26page%3D3,3105
Appartement 4 pièces 72 m²,221000,72 m²,La Serinette - La Barre,appartement,https://www.bienici.com/annonce/vente/toulon/appartement/4pieces/iad-france-2002411?q=%2Frecherche%2Fachat%2Ftoulon-83000%3Fprix-max%3D500000%26page%3D3,3069
Appartement 5 pièces 92 m²,250000,92 m²,La Rode,appartement,https://www.bienici.com/annonce/vente/toulon/appartement/5pieces/iad-france-1997277?q=%2Frecherche%2Fachat%2Ftoulon-83000%3Fprix-max%3D500000%26page%3D3,2717
Appartement 3 pièces 78 m²,178500,78 m²,Saint-Roch,appartement,https://www.bienici.com/annonce/vente/toulon/appartement/3pieces/iad-france-2002290?q=%2Frecherche%2Fachat%2Ftoulon-83000%3Fprix-max%3D500000%26page%3D3,2288
Appartement 4 pièces 81 m²,399000,81 m²,Le Mourillon - La Mitre - Fort Lamalgue,appartement,https://www.bienici.com/annonce/vente/toulon/appartement/4pieces/immo-facile-59949401?q=%2Frecherche%2Fachat%2Ftoulon-83000%3Fprix-max%3D500000%26page%3D3,4926
Appartement 3 pièces 74 m²,143000,74 m²,Pont du Las,appartement,https://www.bienici.com/annonce/vente/toulon/appartement/3pieces/iad-france-2002624?q=%2Frecherche%2Fachat%2Ftoulon-83000%3Fprix-max%3D500000%26page%3D3,1932
Appartement 3 pièces 58 m²,320000,58 m²,Le Mourillon - La Mitre - Fort Lamalgue,appartement,https://www.bienici.com/annonce/vente/toulon/appartement/3pieces/iad-france-1998047?q=%2Frecherche%2Fachat%2Ftoulon-83000%3Fprix-max%3D500000%26page%3D3,5517
Appartement 4 pièces 89 m²,170000,89 m²,Bon Rencontre,appartement,https://www.bienici.com/annonce/vente/toulon/appartement/4pieces/hektor-bretteimmobilieranne-19826?q=%2Frecherche%2Fachat%2Ftoulon-83000%3Fprix-max%3D500000%26page%3D3,1910
Maison 4 pièces 81 m²,329000,81 m²,Ubac - Dardennes - Barbasse - Mont Faron,maison,https://www.bienici.com/annonce/vente/toulon/maison/4pieces/hektor-atlasimmobilier-390224?q=%2Frecherche%2Fachat%2Ftoulon-83000%3Fprix-max%3D500000%26page%3D3,4062
Appartement 3 pièces 60 m²,185000,60 m²,Font Pré,appartement,https://www.bienici.com/annonce/vente/toulon/appartement/3pieces/iad-france-1991752?q=%2Frecherche%2Fachat%2Ftoulon-83000%3Fprix-max%3D500000%26page%3D3,3083
Appartement 1 pièce 24 m²,119000,24 m²,Le Mourillon - La Mitre - Fort Lamalgue,appartement,https://www.bienici.com/annonce/vente/toulon/appartement/1piece/iad-france-1985099?q=%2Frecherche%2Fachat%2Ftoulon-83000%3Fprix-max%3D500000%26page%3D3,4958
Appartement 3 pièces 53 m²,192000,53 m²,Corniche du Faron,appartement,https://www.bienici.com/annonce/vente/toulon/appartement/3pieces/iad-france-1992620?q=%2Frecherche%2Fachat%2Ftoulon-83000%3Fprix-max%3D500000%26page%3D3,3623
Appartement 1 pièce 17 m²,112000,17 m²,Le Mourillon - La Mitre - Fort Lamalgue,appartement,https://www.bienici.com/annonce/vente/toulon/appartement/1piece/iad-france-1993749?q=%2Frecherche%2Fachat%2Ftoulon-83000%3Fprix-max%3D500000%26page%3D3,6588
Appartement 3 pièces 59 m²,239000,59 m²,Darboussèdes,appartement,https://www.bienici.com/annonce/vente/toulon/appartement/3pieces/iad-france-1992120?q=%2Frecherche%2Fachat%2Ftoulon-83000%3Fprix-max%3D500000%26page%3D3,4051
Appartement 3 pièces 63 m²,209000,63 m²,Pont du Las,appartement,https://www.bienici.com/annonce/vente/toulon/appartement/3pieces/iad-france-1989996?q=%2Frecherche%2Fachat%2Ftoulon-83000%3Fprix-max%3D500000%26page%3D3,3317
Appartement 3 pièces 61 m²,220000,61 m²,Aguillon,appartement,https://www.bienici.com/annonce/vente/toulon/appartement/3pieces/iad-france-1990217?q=%2Frecherche%2Fachat%2Ftoulon-83000%3Fprix-max%3D500000%26page%3D3,3607
Appartement 3 pièces 67 m²,179000,67 m²,La Serinette - La Barre,appartement,https://www.bienici.com/annonce/vente/toulon/appartement/3pieces/iad-france-1989586?q=%2Frecherche%2Fachat%2Ftoulon-83000%3Fprix-max%3D500000%26page%3D3,2672
Appartement 2 pièces 55 m²,149000,55 m²,Champs-de-Mars,appartement,https://www.bienici.com/annonce/vente/toulon/appartement/2pieces/iad-france-1985705?q=%2Frecherche%2Fachat%2Ftoulon-83000%3Fprix-max%3D500000%26page%3D3,2709
Appartement 4 pièces 81 m²,190000,81 m²,Saint-Roch,appartement,https://www.bienici.com/annonce/vente/toulon/appartement/4pieces/iad-france-1980140?q=%2Frecherche%2Fachat%2Ftoulon-83000%3Fprix-max%3D500000%26page%3D3,2346
Appartement 2 pièces 47 m²,127200,47 m²,Les Routes,appartement,https://www.bienici.com/annonce/vente/toulon/appartement/2pieces/immo-facile-60035148,2706
Maison 6 pièces 110 m²,325000,110 m²,Claret,maison,https://www.bienici.com/annonce/vente/toulon/maison/6pieces/hektor-mourillon-382713,2955
Appartement 3 pièces 70 m²,225000,70 m²,Valbourdin,appartement,https://www.bienici.com/annonce/vente/toulon/appartement/3pieces/iad-france-1963804,3214
Maison 5 pièces 95 m²,430000,95 m²,Les Routes,maison,https://www.bienici.com/annonce/vente/toulon/maison/5pieces/safti-1-1582297,4526
Appartement 3 pièces 54 m²,139000,54 m²,Pont du Las,appartement,https://www.bienici.com/annonce/vente/toulon/appartement/3pieces/hektor-gustonimmobilier-5254,2574
Appartement 3 pièces 50 m²,130000,50 m²,Pont du Las,appartement,https://www.bienici.com/annonce/vente/toulon/appartement/3pieces/iad-france-1964816,2600
Appartement 1 pièce 32 m²,99000,32 m²,Centre-ville,appartement,https://www.bienici.com/annonce/vente/toulon/appartement/1piece/iad-france-1979039,3094
Appartement 3 pièces 61 m²,185000,61 m²,Pont de Suve,appartement,https://www.bienici.com/annonce/vente/toulon/appartement/3pieces/iad-france-1972369,3033
Appartement 3 pièces 55 m²,120000,55 m²,Saint-Jean du Var,appartement,https://www.bienici.com/annonce/vente/toulon/appartement/3pieces/citya-immobilier-41039H-TAPP950392AA,2182
Appartement 2 pièces 40 m²,163000,40 m²,Font Pré,appartement,https://www.bienici.com/annonce/vente/toulon/appartement/2pieces/iad-france-1973660,4075
Appartement 4 pièces 80 m²,205000,80 m²,Valbertrand,appartement,https://www.bienici.com/annonce/vente/toulon/appartement/4pieces/iad-france-1970220,2562
Appartement 2 pièces 49 m²,119000,49 m²,Saint-Roch,appartement,https://www.bienici.com/annonce/vente/toulon/appartement/2pieces/iad-france-1964312,2429
Appartement 5 pièces 100 m²,299000,100 m²,Aguillon,appartement,https://www.bienici.com/annonce/vente/toulon/appartement/5pieces/iad-france-1961199,2990
Appartement 4 pièces 82 m²,179000,82 m²,Saint-Roch,appartement,https://www.bienici.com/annonce/vente/toulon/appartement/4pieces/iad-france-1962081,2183
Appartement 2 pièces 62 m²,168000,62 m²,Haute-ville,appartement,https://www.bienici.com/annonce/vente/toulon/appartement/2pieces/iad-france-1960344,2710
Appartement 1 pièce 32 m²,109000,32 m²,Sainte-Anne,appartement,https://www.bienici.com/annonce/vente/toulon/appartement/1piece/hektor-gravier11-140,3406
Appartement 3 pièces 71 m²,435000,71 m²,Sainte-Anne,appartement,https://www.bienici.com/annonce/vente/toulon/appartement/3pieces/hektor-gravier11-159,6127
Appartement 3 pièces 58 m²,139000,58 m²,Pont du Las,appartement,https://www.bienici.com/annonce/vente/toulon/appartement/3pieces/hektor-gustonimmobilier-5246,2397
Appartement 1 pièce 34 m²,95000,34 m²,Centre-ville,appartement,https://www.bienici.com/annonce/vente/toulon/appartement/1piece/iad-france-1939681,2794
Appartement 4 pièces 84 m²,225000,84 m²,Brunet,appartement,https://www.bienici.com/annonce/vente/toulon/appartement/4pieces/iad-france-1930499,2679
Appartement 2 pièces 47 m²,89500,47 m²,Saint-Roch,appartement,https://www.bienici.com/annonce/vente/toulon/appartement/2pieces/iad-france-1934571,1904
Appartement 3 pièces 65 m²,158000,65 m²,Pont du Las,appartement,https://www.bienici.com/annonce/vente/toulon/appartement/3pieces/iad-france-1902259,2431
Appartement 4 pièces 74 m²,219000,74 m²,Claret,appartement,https://www.bienici.com/annonce/vente/toulon/appartement/4pieces/citya-immobilier-41039H-TAPP958130,2959
Appartement 2 pièces 52 m²,169000,52 m²,Saint-Roch,appartement,https://www.bienici.com/annonce/vente/toulon/appartement/2pieces/iad-france-1931136,3250
Appartement 2 pièces 38 m²,118580,38 m²,Saint-Roch,appartement,https://www.bienici.com/annonce/vente/toulon/appartement/2pieces/century-21-202_3064_4764,3121
Appartement 3 pièces 66 m²,179990,66 m²,Barbès,appartement,https://www.bienici.com/annonce/vente/toulon/appartement/3pieces/century-21-202_3064_4173,2727
Appartement 3 pièces 70 m²,159900,70 m²,Toulon Ouest,appartement,https://www.bienici.com/annonce/vente/toulon/appartement/3pieces/nestenn-1-99939432601,2284
Appartement 3 pièces 55 m²,180000,55 m²,Toulon (Les Quatre Chemins),appartement,https://www.bienici.com/annonce/vente/toulon/appartement/3pieces/immo-facile-60098761,3273
Appartement 4 pièces 84 m²,165000,84 m²,Toulon (Pont du Las),appartement,https://www.bienici.com/annonce/vente/toulon/appartement/4pieces/iad-france-1924486,1964
Appartement 4 pièces 70 m²,169000,70 m²,Toulon (La Chapelle - Saint-André),appartement,https://www.bienici.com/annonce/vente/toulon/appartement/4pieces/iad-france-1911609,2414
Maison 6 pièces 135 m²,500000,135 m²,Toulon (Ubac - Dardennes - Barbasse - Mont Faron),maison,https://www.bienici.com/annonce/vente/toulon/maison/6pieces/hektor-mourillon-387902,3704
Appartement 3 pièces 56 m²,220000,56 m²,Toulon (Corniche du Faron),appartement,https://www.bienici.com/annonce/vente/toulon/appartement/3pieces/iad-france-1917442,3929
Appartement 1 pièce 22 m²,99000,22 m²,Toulon (Le Fort Rouge),appartement,https://www.bienici.com/annonce/vente/toulon/appartement/1piece/iad-france-1904674,4500
Appartement 4 pièces 89 m²,368000,89 m²,Toulon (Les Routes),appartement,https://www.bienici.com/annonce/vente/toulon/appartement/4pieces/hektor-mtev13600-8074,4135
Appartement 5 pièces 98 m²,299000,98 m²,Toulon (Brunet),appartement,https://www.bienici.com/annonce/vente/toulon/appartement/5pieces/hektor-jessymmo-1-133,3051
Appartement 2 pièces 51 m²,239000,51 m²,Toulon (Darboussèdes),appartement,https://www.bienici.com/annonce/vente/toulon/appartement/2pieces/citya-immobilier-41039H-TAPP953519,4686
Appartement 4 pièces 96 m²,270000,96 m²,Toulon (La Rode),appartement,https://www.bienici.com/annonce/vente/toulon/appartement/4pieces/hektor-consult-23550,2812
Appartement 3 pièces 59 m²,164000,59 m²,Toulon (Beaulieu),appartement,https://www.bienici.com/annonce/vente/toulon/appartement/3pieces/iad-france-1881011,2780
Appartement 3 pièces 48 m²,99000,48 m²,Toulon (Saint-Jean du Var),appartement,https://www.bienici.com/annonce/vente/toulon/appartement/3pieces/hektor-gabrieleimmo-421,2062
Appartement 2 pièces 34 m²,99000,34 m²,Toulon (Brunet),appartement,https://www.bienici.com/annonce/vente/toulon/appartement/2pieces/iad-france-1846075,2912
Appartement 2 pièces 45 m²,239500,45 m²,Toulon (Saint-Roch),appartement,https://www.bienici.com/annonce/vente/toulon/appartement/2pieces/iad-france-1817801,5322
Appartement 3 pièces 70 m²,237000,70 m²,Toulon (Le Port),appartement,https://www.bienici.com/annonce/vente/toulon/appartement/3pieces/citya-immobilier-41039H-TAPP933720,3386
Appartement 3 pièces (neuf) 62-63 m²,443000,62 à 63 m²,Toulon (Aguillon),appartement,https://www.bienici.com/annonce/vente/toulon/programme/3pieces/mgc-232426746,
Appartement 2 pièces 48 m²,130000,48 m²,Toulon (Place d'Armes),appartement,https://www.bienici.com/annonce/vente/toulon/appartement/2pieces/iad-france-2013643,2708
Appartement 2 pièces 48 m²,164000,48 m²,Toulon (Place d'Armes),appartement,https://www.bienici.com/annonce/vente/toulon/appartement/2pieces/ag133861-517469177,3417
Appartement 3 pièces 72 m²,140000,72 m²,Toulon (Saint-Roch),appartement,https://www.bienici.com/annonce/vente/toulon/appartement/3pieces/ag133861-517463609,1944
Appartement 4 pièces 76 m²,224000,76 m²,Toulon (La Loubière),appartement,https://www.bienici.com/annonce/vente/toulon/appartement/4pieces/iad-france-2028948,2947
Appartement 2 pièces 40 m² (neuf),189000,40 m²,Toulon (La Palasse),appartement,https://www.bienici.com/annonce/vente/toulon/programme/2pieces/mgc-BPTLNYAVA281474977328845,4725
Appartement 2 pièces 40 m² (neuf),199000,40 m²,Toulon (La Palasse),appartement,https://www.bienici.com/annonce/vente/toulon/programme/2pieces/mgc-BPTLNYAVA281474977328848,4975
Appartement 3 pièces 60 m² (neuf),256000,60 m²,Toulon (La Palasse),appartement,https://www.bienici.com/annonce/vente/toulon/programme/3pieces/mgc-BPTLNYAVA281474977328858,4267
Appartement 3 pièces 65 m² (neuf),315000,65 m²,Toulon (La Palasse),appartement,https://www.bienici.com/annonce/vente/toulon/programme/3pieces/mgc-BPTLNYAVA281474977328865,4846
Appartement 1 pièce 20 m²,82500,20 m²,Toulon (Champs-de-Mars),appartement,https://www.bienici.com/annonce/vente/toulon/appartement/1piece/citya-immobilier-41039H-TAPP968105,4125
Maison 6 pièces 110 m²,325000,110 m²,Claret,maison,https://www.bienici.com/annonce/vente/toulon/maison/6pieces/hektor-mourillon-382713?q=%2Frecherche%2Fachat%2Ftoulon-83000%3Fprix-max%3D500000%26page%3D6&depuis-mise-en-avant=oui,2955
Appartement 3 pièces 58 m²,155000,58 m²,Pont du Las,appartement,https://www.bienici.com/annonce/vente/toulon/appartement/3pieces/century-21-202_2305_3361?q=%2Frecherche%2Fachat%2Ftoulon-83000%3Fprix-max%3D500000%26page%3D6&depuis-mise-en-avant=oui,2672
Appartement 3 pièces 65 m²,145000,65 m²,Pont du Las,appartement,https://www.bienici.com/annonce/vente/toulon/appartement/3pieces/iad-france-2022407?q=%2Frecherche%2Fachat%2Ftoulon-83000%3Fprix-max%3D500000%26page%3D6,2231
Appartement 3 pièces 45 m²,129000,45 m²,Haute-ville,appartement,https://www.bienici.com/annonce/vente/toulon/appartement/3pieces/safti-1-1613205?q=%2Frecherche%2Fachat%2Ftoulon-83000%3Fprix-max%3D500000%26page%3D6,2867
Appartement 2 pièces 38 m²,90000,38 m²,Champs-de-Mars,appartement,https://www.bienici.com/annonce/vente/toulon/appartement/2pieces/safti-1-1611200?q=%2Frecherche%2Fachat%2Ftoulon-83000%3Fprix-max%3D500000%26page%3D6,2368
Appartement 4 pièces 86 m²,294200,86 m²,St Roch,appartement,https://www.bienici.com/annonce/vente/toulon/appartement/4pieces/nestenn-1-99939442246?q=%2Frecherche%2Fachat%2Ftoulon-83000%3Fprix-max%3D500000%26page%3D6,3421
Appartement 4 pièces 87 m²,305000,87 m²,Haute-ville,appartement,https://www.bienici.com/annonce/vente/toulon/appartement/4pieces/hektor-iboxliberte-390627?q=%2Frecherche%2Fachat%2Ftoulon-83000%3Fprix-max%3D500000%26page%3D6,3506
Appartement 4 pièces 85 m²,278000,85 m²,La Rode,appartement,https://www.bienici.com/annonce/vente/toulon/appartement/4pieces/era-2-60012977?q=%2Frecherche%2Fachat%2Ftoulon-83000%3Fprix-max%3D500000%26page%3D6,3271
Appartement 2 pièces 50 m²,174000,50 m²,Valbourdin,appartement,https://www.bienici.com/annonce/vente/toulon/appartement/2pieces/ag835636-515988500?q=%2Frecherche%2Fachat%2Ftoulon-83000%3Fprix-max%3D500000%26page%3D6,3480
Appartement 5 pièces 87 m²,255000,87 m²,Haute-ville,appartement,https://www.bienici.com/annonce/vente/toulon/appartement/5pieces/safti-1-1610595?q=%2Frecherche%2Fachat%2Ftoulon-83000%3Fprix-max%3D500000%26page%3D6,2931
Appartement 4 pièces 105 m²,315000,105 m²,La Serinette - La Barre,appartement,https://www.bienici.com/annonce/vente/toulon/appartement/4pieces/ag311656-515452877?q=%2Frecherche%2Fachat%2Ftoulon-83000%3Fprix-max%3D500000%26page%3D6,3000
Appartement 3 pièces 86 m²,395000,86 m²,Darboussèdes,appartement,https://www.bienici.com/annonce/vente/toulon/appartement/3pieces/immo-facile-60051143?q=%2Frecherche%2Fachat%2Ftoulon-83000%3Fprix-max%3D500000%26page%3D6,4593
Appartement 3 pièces 83 m²,289500,83 m²,Les Routes,appartement,https://www.bienici.com/annonce/vente/toulon/appartement/3pieces/netty-company53836wbe-appt-14161?q=%2Frecherche%2Fachat%2Ftoulon-83000%3Fprix-max%3D500000%26page%3D6,3488
Appartement 4 pièces 82 m²,223000,82 m²,Saint-Jean du Var,appartement,https://www.bienici.com/annonce/vente/toulon/appartement/4pieces/netty-company50574bxt-appt-2117?q=%2Frecherche%2Fachat%2Ftoulon-83000%3Fprix-max%3D500000%26page%3D6,2720
Maison 4 pièces 71 m²,345000,71 m²,La Serinette - La Barre,maison,https://www.bienici.com/annonce/vente/toulon/maison/4pieces/immo-facile-60006022?q=%2Frecherche%2Fachat%2Ftoulon-83000%3Fprix-max%3D500000%26page%3D6,4859
Appartement 4 pièces 81 m²,225000,81 m²,Valbertrand,appartement,https://www.bienici.com/annonce/vente/toulon/appartement/4pieces/iad-france-2015885?q=%2Frecherche%2Fachat%2Ftoulon-83000%3Fprix-max%3D500000%26page%3D6,2778
Appartement 4 pièces 86 m²,267500,86 m²,St Roch,appartement,https://www.bienici.com/annonce/vente/toulon/appartement/4pieces/nestenn-1-99939433587?q=%2Frecherche%2Fachat%2Ftoulon-83000%3Fprix-max%3D500000%26page%3D6,3110
Appartement 4 pièces 90 m²,244000,90 m²,La Rode,appartement,https://www.bienici.com/annonce/vente/toulon/appartement/4pieces/century-21-202_3648_801?q=%2Frecherche%2Fachat%2Ftoulon-83000%3Fprix-max%3D500000%26page%3D6,2711
Appartement 3 pièces 60 m²,273680,60 m²,Font Pré,appartement,https://www.bienici.com/annonce/vente/toulon/appartement/3pieces/laforet-immo-facile-52341694?q=%2Frecherche%2Fachat%2Ftoulon-83000%3Fprix-max%3D500000%26page%3D6,4561
Appartement 4 pièces 82 m²,179999,82 m²,Porte d'Italie,appartement,https://www.bienici.com/annonce/vente/toulon/appartement/4pieces/iad-france-2009117?q=%2Frecherche%2Fachat%2Ftoulon-83000%3Fprix-max%3D500000%26page%3D6,2195
Appartement 4 pièces 67 m²,185000,67 m²,Valbertrand,appartement,https://www.bienici.com/annonce/vente/toulon/appartement/4pieces/immo-facile-60010696?q=%2Frecherche%2Fachat%2Ftoulon-83000%3Fprix-max%3D500000%26page%3D6,2761
Studio 25 m²,87000,25 m²,Saint-Jean du Var,appartement,https://www.bienici.com/annonce/vente/toulon/appartement/1piece/iad-france-1994024?q=%2Frecherche%2Fachat%2Ftoulon-83000%3Fprix-max%3D500000%26page%3D6,3480
Appartement 4 pièces 95 m²,270000,95 m²,Brunet,appartement,https://www.bienici.com/annonce/vente/toulon/appartement/4pieces/hektor-lessablettes-390348?q=%2Frecherche%2Fachat%2Ftoulon-83000%3Fprix-max%3D500000%26page%3D6,2842
Maison 5 pièces 91 m²,350000,91 m²,Les Quatre Chemins,maison,https://www.bienici.com/annonce/vente/toulon/maison/5pieces/ag922880-512198780?q=%2Frecherche%2Fachat%2Ftoulon-83000%3Fprix-max%3D500000%26page%3D6,3846
Appartement 3 pièces 70 m²,130000,70 m²,Le Port,appartement,https://www.bienici.com/annonce/vente/toulon/appartement/3pieces/iad-france-1994649?q=%2Frecherche%2Fachat%2Ftoulon-83000%3Fprix-max%3D500000%26page%3D6,1857
Appartement 1 pièce 34 m²,98500,34 m²,Valbertrand,appartement,https://www.bienici.com/annonce/vente/toulon/appartement/1piece/nestenn-1-99939420941?q=%2Frecherche%2Fachat%2Ftoulon-83000%3Fprix-max%3D500000%26page%3D6,2897
Appartement 3 pièces 57 m²,134000,57 m²,Les Lices,appartement,https://www.bienici.com/annonce/vente/toulon/appartement/3pieces/hektor-adlc1000-42734,2351
Appartement 6 pièces 153 m²,345000,153 m²,Claret,appartement,https://www.bienici.com/annonce/vente/toulon/appartement/6pieces/immo-facile-58747829,2255
Appartement 3 pièces 71 m²,216000,71 m²,Saint-Roch,appartement,https://www.bienici.com/annonce/vente/toulon/appartement/3pieces/hektor-atlasimmobilier-390031,3042
Appartement 4 pièces 85 m²,246000,85 m²,Valbourdin,appartement,https://www.bienici.com/annonce/vente/toulon/appartement/4pieces/hektor-atlasimmobilier-390243,2894
Maison 4 pièces 97 m²,332000,97 m²,Saint-Jean du Var,maison,https://www.bienici.com/annonce/vente/toulon/maison/4pieces/ag311656-511763897,3423
Appartement 2 pièces 31 m²,85000,31 m²,Saint-Roch,appartement,https://www.bienici.com/annonce/vente/toulon/appartement/2pieces/iad-france-2001541,2742
Appartement 3 pièces 64 m²,139000,64 m²,Saint-Roch,appartement,https://www.bienici.com/annonce/vente/toulon/appartement/3pieces/ag832778-511242071,2172
Maison 4 pièces 90 m²,390000,90 m²,Pont de Bois,maison,https://www.bienici.com/annonce/vente/toulon/maison/4pieces/hektor-atlasimmobilier-390230,4333
Appartement 4 pièces 74 m²,204000,74 m²,Saint-Jean du Var,appartement,https://www.bienici.com/annonce/vente/toulon/appartement/4pieces/hektor-lpaimmo-27295,2757
Appartement 3 pièces 43 m²,152700,43 m²,Porte d'Italie,appartement,https://www.bienici.com/annonce/vente/toulon/appartement/3pieces/netty-company53630wyb-appt-2657,3551
Maison 4 pièces 60 m²,336000,60 m²,La Loubière,maison,https://www.bienici.com/annonce/vente/toulon/maison/4pieces/hektor-1_miralles-immo-5665,5600
Appartement 2 pièces 45 m²,97470,45 m²,Champs-de-Mars,appartement,https://www.bienici.com/annonce/vente/toulon/appartement/2pieces/century-21-202_3064_4985,2166
Appartement 2 pièces 40 m²,102800,40 m²,Champs-de-Mars,appartement,https://www.bienici.com/annonce/vente/toulon/appartement/2pieces/century-21-202_3064_4984,2570
Maison 5 pièces 124 m²,348000,124 m²,La Palasse,maison,https://www.bienici.com/annonce/vente/toulon/maison/5pieces/netty-company38777ezz-house-2656,2806
Appartement 4 pièces 90 m²,203900,90 m²,Pont du Las,appartement,https://www.bienici.com/annonce/vente/toulon/appartement/4pieces/netty-company53630wyb-appt-2640,2266
Appartement 3 pièces 54 m²,230000,54 m²,Rodeilhac,appartement,https://www.bienici.com/annonce/vente/toulon/appartement/3pieces/hektor-2_GRECHTOULON2023-113890,4259
Appartement 3 pièces 54 m²,230000,54 m²,Rodeilhac,appartement,https://www.bienici.com/annonce/vente/toulon/appartement/3pieces/hektor-grechimmo83000-113890,4259
Appartement 3 pièces 45 m²,205000,45 m²,Pont du Las,appartement,https://www.bienici.com/annonce/vente/toulon/appartement/3pieces/iad-france-1995169,4556
Appartement 3 pièces 56 m²,215000,56 m²,Pont de Bois,appartement,https://www.bienici.com/annonce/vente/toulon/appartement/3pieces/hektor-atlasimmobilier-390145,3839
Maison 2 pièces 44 m²,179000,44 m²,Corniche du Faron,maison,https://www.bienici.com/annonce/vente/toulon/maison/2pieces/hektor-royal-immo-31091,4068
Maison 3 pièces 61 m²,369000,61 m²,Beaulieu,maison,https://www.bienici.com/annonce/vente/toulon/maison/3pieces/century-21-202_3276_1997,6049
Appartement 1 pièce 39 m²,139000,39 m²,Centre-ville,appartement,https://www.bienici.com/annonce/vente/toulon/appartement/1piece/iad-france-1992410,3564
Maison 3 pièces 48 m²,219000,48 m²,Saint-Roch,maison,https://www.bienici.com/annonce/vente/toulon/maison/3pieces/dr-house-immo-1-2130502,4562
Appartement 4 pièces 80 m²,344500,80 m²,Le Mourillon - La Mitre - Fort Lamalgue,appartement,https://www.bienici.com/annonce/vente/toulon/appartement/4pieces/hektor-mourillon-390103,4306
Appartement 2 pièces 38 m²,155000,38 m²,Valbertrand,appartement,https://www.bienici.com/annonce/vente/toulon/appartement/2pieces/iad-france-1989634,4079
Appartement 3 pièces 54 m²,187700,54 m²,Porte d'Italie,appartement,https://www.bienici.com/annonce/vente/toulon/appartement/3pieces/safti-1-1582677,3476
Appartement 3 pièces 55 m²,169000,55 m²,Toulon,appartement,https://www.bienici.com/annonce/vente/toulon/appartement/3pieces/nestenn-1-99939438573?q=%2Frecherche%2Fachat%2Ftoulon-83000%3Fprix-max%3D500000%26page%3D8&depuis-mise-en-avant=oui,3073
Appartement 3 pièces 44 m²,160000,44 m²,Toulon (Le Mourillon - La Mitre - Fort Lamalgue),appartement,https://www.bienici.com/annonce/vente/toulon/appartement/3pieces/ag835694-492416873?q=%2Frecherche%2Fachat%2Ftoulon-83000%3Fprix-max%3D500000%26page%3D8&depuis-mise-en-avant=oui,3636
Appartement 3 pièces 66 m²,219000,66 m²,Toulon (Saint-Jean du Var),appartement,https://www.bienici.com/annonce/vente/toulon/appartement/3pieces/safti-1-1584188?q=%2Frecherche%2Fachat%2Ftoulon-83000%3Fprix-max%3D500000%26page%3D8,3318
Appartement 3 pièces 57 m²,115000,57 m²,Toulon (Bon Rencontre),appartement,https://www.bienici.com/annonce/vente/toulon/appartement/3pieces/hektor-quadrimmo-454?q=%2Frecherche%2Fachat%2Ftoulon-83000%3Fprix-max%3D500000%26page%3D8,2018
Appartement 2 pièces 51 m²,242000,51 m²,Toulon (Le Cap Brun - Le Petit Bois),appartement,https://www.bienici.com/annonce/vente/toulon/appartement/2pieces/hektor-royalimmolavaletteduvar-31035?q=%2Frecherche%2Fachat%2Ftoulon-83000%3Fprix-max%3D500000%26page%3D8,4745
Appartement 1 pièce 25 m²,85000,25 m²,Toulon (Saint-Jean du Var),appartement,https://www.bienici.com/annonce/vente/toulon/appartement/1piece/citya-immobilier-41039H-TAPP497007A?q=%2Frecherche%2Fachat%2Ftoulon-83000%3Fprix-max%3D500000%26page%3D8,3400
Maison 2 pièces 50 m²,129000,50 m²,Toulon (Aguillon),maison,https://www.bienici.com/annonce/vente/toulon/maison/2pieces/iad-france-1986310?q=%2Frecherche%2Fachat%2Ftoulon-83000%3Fprix-max%3D500000%26page%3D8,2580
Appartement 4 pièces 70 m²,197000,70 m²,Toulon (Font Pré),appartement,https://www.bienici.com/annonce/vente/toulon/appartement/4pieces/safti-1-1570149?q=%2Frecherche%2Fachat%2Ftoulon-83000%3Fprix-max%3D500000%26page%3D8,2814
Maison 5 pièces 90 m²,420000,90 m²,Toulon (Valbourdin),maison,https://www.bienici.com/annonce/vente/toulon/maison/5pieces/immo-facile-59767536?q=%2Frecherche%2Fachat%2Ftoulon-83000%3Fprix-max%3D500000%26page%3D8,4667
Appartement 2 pièces 46 m²,120000,46 m²,Toulon (La Palasse),appartement,https://www.bienici.com/annonce/vente/toulon/appartement/2pieces/netty-company39367fem-appt-3493?q=%2Frecherche%2Fachat%2Ftoulon-83000%3Fprix-max%3D500000%26page%3D8,2609
Appartement 5 pièces 102 m²,249000,102 m²,Toulon (Bon Rencontre),appartement,https://www.bienici.com/annonce/vente/toulon/appartement/5pieces/ag311656-506961788?q=%2Frecherche%2Fachat%2Ftoulon-83000%3Fprix-max%3D500000%26page%3D8,2441
Appartement 1 pièce 34 m²,86000,34 m²,Toulon (Haute-ville),appartement,https://www.bienici.com/annonce/vente/toulon/appartement/1piece/safti-1-1582616?q=%2Frecherche%2Fachat%2Ftoulon-83000%3Fprix-max%3D500000%26page%3D8,2529
Appartement 5 pièces 80 m²,169000,80 m²,Toulon (Pont du Las),appartement,https://www.bienici.com/annonce/vente/toulon/appartement/5pieces/iad-france-1979627?q=%2Frecherche%2Fachat%2Ftoulon-83000%3Fprix-max%3D500000%26page%3D8,2112
Appartement 3 pièces 67 m²,265000,67 m²,Toulon (Le Mourillon - La Mitre - Fort Lamalgue),appartement,https://www.bienici.com/annonce/vente/toulon/appartement/3pieces/immo-facile-59726285?q=%2Frecherche%2Fachat%2Ftoulon-83000%3Fprix-max%3D500000%26page%3D8,3955
Appartement 4 pièces 88 m²,176000,88 m²,Toulon (Claret),appartement,https://www.bienici.com/annonce/vente/toulon/appartement/4pieces/iad-france-1970161?q=%2Frecherche%2Fachat%2Ftoulon-83000%3Fprix-max%3D500000%26page%3D8,2000
Appartement 8 pièces 158 m²,495000,158 m²,Toulon (Haute-ville),appartement,https://www.bienici.com/annonce/vente/toulon/appartement/8pieces/safti-1-1575356?q=%2Frecherche%2Fachat%2Ftoulon-83000%3Fprix-max%3D500000%26page%3D8,3133
Appartement 4 pièces 80 m²,450000,80 m²,Toulon (Le Port),appartement,https://www.bienici.com/annonce/vente/toulon/appartement/4pieces/netty-company54396zsr-appt-31974?q=%2Frecherche%2Fachat%2Ftoulon-83000%3Fprix-max%3D500000%26page%3D8,5625
Appartement 3 pièces 58 m²,169000,58 m²,Toulon (Jonquet - Guynemer),appartement,https://www.bienici.com/annonce/vente/toulon/appartement/3pieces/hektor-royal-immo-30880?q=%2Frecherche%2Fachat%2Ftoulon-83000%3Fprix-max%3D500000%26page%3D8,2914
Maison 6 pièces 140 m²,440000,140 m²,Toulon (Pont de Bois),maison,https://www.bienici.com/annonce/vente/toulon/maison/6pieces/immo-facile-59628552?q=%2Frecherche%2Fachat%2Ftoulon-83000%3Fprix-max%3D500000%26page%3D8,3143
Appartement 4 pièces 62 m²,114999,62 m²,Toulon (Saint-Roch),appartement,https://www.bienici.com/annonce/vente/toulon/appartement/4pieces/iad-france-1969751?q=%2Frecherche%2Fachat%2Ftoulon-83000%3Fprix-max%3D500000%26page%3D8,1855
Appartement 2 pièces 47 m²,125000,47 m²,Toulon (Saint-Roch),appartement,https://www.bienici.com/annonce/vente/toulon/appartement/2pieces/iad-france-1969433?q=%2Frecherche%2Fachat%2Ftoulon-83000%3Fprix-max%3D500000%26page%3D8,2660
Appartement 3 pièces 65 m²,340000,65 m²,Toulon (Le Mourillon - La Mitre - Fort Lamalgue),appartement,https://www.bienici.com/annonce/vente/toulon/appartement/3pieces/ag832778-502789403?q=%2Frecherche%2Fachat%2Ftoulon-83000%3Fprix-max%3D500000%26page%3D8,5231
Appartement 3 pièces 63 m²,147000,63 m²,Toulon (Saint-Roch),appartement,https://www.bienici.com/annonce/vente/toulon/appartement/3pieces/iad-france-1962353?q=%2Frecherche%2Fachat%2Ftoulon-83000%3Fprix-max%3D500000%26page%3D8,2333
Appartement 3 pièces 74 m²,399000,74 m²,Toulon (Porte d'Italie),appartement,https://www.bienici.com/annonce/vente/toulon/appartement/3pieces/safti-1-1564105?q=%2Frecherche%2Fachat%2Ftoulon-83000%3Fprix-max%3D500000%26page%3D8,5392
Appartement 4 pièces 98 m²,195700,98 m²,Toulon (Saint-Roch),appartement,https://www.bienici.com/annonce/vente/toulon/appartement/4pieces/netty-company53630wyb-appt-2625?q=%2Frecherche%2Fachat%2Ftoulon-83000%3Fprix-max%3D500000%26page%3D8,1997
Appartement 2 pièces 49 m²,149000,49 m²,Toulon (Champs-de-Mars),appartement,https://www.bienici.com/annonce/vente/toulon/appartement/2pieces/iad-france-1954506?q=%2Frecherche%2Fachat%2Ftoulon-83000%3Fprix-max%3D500000%26page%3D8,3041
Appartement 4 pièces 77 m²,244000,77 m²,Proche de la Serinette et du quartier d'Aguillon,appartement,https://www.bienici.com/annonce/vente/toulon/appartement/4pieces/century-21-202_3648_645?q=%2Frecherche%2Fachat%2Ftoulon-83000%3Fprix-max%3D500000%26page%3D9&depuis-mise-en-avant=oui,3169
JARDIN BONFANTE (appartements neufs 2 à 4 pièces),202500,43 à 83 m²,Bonfante-Florane,appartement,"https://www.bienici.com/annonce/vente/toulon/programme/2,4piece/mgc-247950932_345?q=%2Frecherche%2Fachat%2Ftoulon-83000%3Fprix-max%3D500000%26page%3D9&depuis-mise-en-avant=oui",
Appartement 2 pièces 45 m²,159000,45 m²,Champs-de-Mars,appartement,https://www.bienici.com/annonce/vente/toulon/appartement/2pieces/ag311656-499845731?q=%2Frecherche%2Fachat%2Ftoulon-83000%3Fprix-max%3D500000%26page%3D9,3533
Appartement 4 pièces 71 m²,273000,71 m²,Porte d'Italie,appartement,https://www.bienici.com/annonce/vente/toulon/appartement/4pieces/safti-1-1563413?q=%2Frecherche%2Fachat%2Ftoulon-83000%3Fprix-max%3D500000%26page%3D9,3845
Toulon au coeur d'un quartier vivant et commerçant (appartements neufs 2 à 4 pièces),206604,40 à 75 m²,Pont du Las,appartement,"https://www.bienici.com/annonce/vente/toulon/programme/2,4piece/visiteonline-p_6075471?q=%2Frecherche%2Fachat%2Ftoulon-83000%3Fprix-max%3D500000%26page%3D9",
Appartement 2 pièces 50 m²,118000,50 m²,Pont du Las,appartement,https://www.bienici.com/annonce/vente/toulon/appartement/2pieces/hektor-lessablettes-388495?q=%2Frecherche%2Fachat%2Ftoulon-83000%3Fprix-max%3D500000%26page%3D9,2360
Appartement 3 pièces 35 m²,119000,35 m²,La Loubière,appartement,https://www.bienici.com/annonce/vente/toulon/appartement/3pieces/iad-france-1945915?q=%2Frecherche%2Fachat%2Ftoulon-83000%3Fprix-max%3D500000%26page%3D9,3400
Maison 4 pièces 116 m²,346500,116 m²,La Palasse,maison,https://www.bienici.com/annonce/vente/toulon/maison/4pieces/century-21-202_3064_3995?q=%2Frecherche%2Fachat%2Ftoulon-83000%3Fprix-max%3D500000%26page%3D9,2987
Appartement 3 pièces 59 m²,284000,59 m²,Beaulieu,appartement,https://www.bienici.com/annonce/vente/toulon/appartement/3pieces/immo-facile-58164082?q=%2Frecherche%2Fachat%2Ftoulon-83000%3Fprix-max%3D500000%26page%3D9,4814
Maison 3 pièces 79 m²,308000,79 m²,L'Escaillon,maison,https://www.bienici.com/annonce/vente/toulon/maison/3pieces/ag311656-496889390?q=%2Frecherche%2Fachat%2Ftoulon-83000%3Fprix-max%3D500000%26page%3D9,3899
Appartement 3 pièces 64 m²,135000,64 m²,Rodeilhac,appartement,https://www.bienici.com/annonce/vente/toulon/appartement/3pieces/century-21-202_2305_3493?q=%2Frecherche%2Fachat%2Ftoulon-83000%3Fprix-max%3D500000%26page%3D9,2109
Appartement 4 pièces 67 m²,185000,67 m²,Valbertrand,appartement,https://www.bienici.com/annonce/vente/toulon/appartement/4pieces/century-21-202_2305_3492?q=%2Frecherche%2Fachat%2Ftoulon-83000%3Fprix-max%3D500000%26page%3D9,2761
Maison 3 pièces 71 m²,261000,71 m²,L'Escaillon,maison,https://www.bienici.com/annonce/vente/toulon/maison/3pieces/safti-1-1546896?q=%2Frecherche%2Fachat%2Ftoulon-83000%3Fprix-max%3D500000%26page%3D9,3676
Appartement 3 pièces 84 m²,289000,84 m²,Le Mourillon - La Mitre - Fort Lamalgue,appartement,https://www.bienici.com/annonce/vente/toulon/appartement/3pieces/hektor-royal-immo-30484?q=%2Frecherche%2Fachat%2Ftoulon-83000%3Fprix-max%3D500000%26page%3D9,3440
Appartement 4 pièces 94 m²,266000,94 m²,Place d'Armes,appartement,https://www.bienici.com/annonce/vente/toulon/appartement/4pieces/ag440414-494919563?q=%2Frecherche%2Fachat%2Ftoulon-83000%3Fprix-max%3D500000%26page%3D9,2830
Appartement 4 pièces 112 m²,499000,112 m²,Centre-ville,appartement,https://www.bienici.com/annonce/vente/toulon/appartement/4pieces/ag832778-494276882?q=%2Frecherche%2Fachat%2Ftoulon-83000%3Fprix-max%3D500000%26page%3D9,4455
Appartement 3 pièces 70 m²,129000,70 m²,Pont du Las,appartement,https://www.bienici.com/annonce/vente/toulon/appartement/3pieces/hektor-consult-23564?q=%2Frecherche%2Fachat%2Ftoulon-83000%3Fprix-max%3D500000%26page%3D9,1843
Appartement 4 pièces 69 m²,169000,69 m²,Aguillon,appartement,https://www.bienici.com/annonce/vente/toulon/appartement/4pieces/dr-house-immo-1-3125718?q=%2Frecherche%2Fachat%2Ftoulon-83000%3Fprix-max%3D500000%26page%3D9,2449
Maison 4 pièces 125 m²,499000,125 m²,Ubac - Dardennes - Barbasse - Mont Faron,maison,https://www.bienici.com/annonce/vente/toulon/maison/4pieces/immo-facile-59321301?q=%2Frecherche%2Fachat%2Ftoulon-83000%3Fprix-max%3D500000%26page%3D9,3992
Appartement 3 pièces 75 m²,179000,75 m²,Saint-Jean du Var,appartement,https://www.bienici.com/annonce/vente/toulon/appartement/3pieces/iad-france-1922695?q=%2Frecherche%2Fachat%2Ftoulon-83000%3Fprix-max%3D500000%26page%3D9,2387
Appartement 4 pièces 67 m²,229500,67 m²,Les Lices,appartement,https://www.bienici.com/annonce/vente/toulon/appartement/4pieces/ag832778-491786456?q=%2Frecherche%2Fachat%2Ftoulon-83000%3Fprix-max%3D500000%26page%3D9,3425
Duplex 3 pièces 76 m²,318000,76 m²,Ubac - Dardennes - Barbasse - Mont Faron,appartement,https://www.bienici.com/annonce/vente/toulon/appartement/3pieces/hektor-gabrieleimmo-463?q=%2Frecherche%2Fachat%2Ftoulon-83000%3Fprix-max%3D500000%26page%3D9,4184
Appartement 4 pièces 66 m²,180000,66 m²,Aguillon,appartement,https://www.bienici.com/annonce/vente/toulon/appartement/4pieces/hektor-lessablettes-387882?q=%2Frecherche%2Fachat%2Ftoulon-83000%3Fprix-max%3D500000%26page%3D9,2727
Appartement 4 pièces 130 m²,500000,130 m²,Haute-ville,appartement,https://www.bienici.com/annonce/vente/toulon/appartement/4pieces/hektor-centreville-387846?q=%2Frecherche%2Fachat%2Ftoulon-83000%3Fprix-max%3D500000%26page%3D9,3846
Appartement 3 pièces 70 m²,295000,70 m²,Porte d'Italie,appartement,https://www.bienici.com/annonce/vente/toulon/appartement/3pieces/safti-1-1527566?q=%2Frecherche%2Fachat%2Ftoulon-83000%3Fprix-max%3D500000%26page%3D9,4214
Appartement 3 pièces 54 m²,177000,54 m²,Bon Rencontre,appartement,https://www.bienici.com/annonce/vente/toulon/appartement/3pieces/ag752647-488231873?q=%2Frecherche%2Fachat%2Ftoulon-83000%3Fprix-max%3D500000%26page%3D9,3278
Appartement 3 pièces 60 m²,179900,60 m²,Jonquet - Guynemer,appartement,https://www.bienici.com/annonce/vente/toulon/appartement/3pieces/century-21-202_2305_3255?q=%2Frecherche%2Fachat%2Ftoulon-83000%3Fprix-max%3D500000%26page%3D10&depuis-mise-en-avant=oui,2998
Appartement 2 pièces 64 m²,243500,64 m²,Le Port,appartement,https://www.bienici.com/annonce/vente/toulon/appartement/2pieces/gedeon-32297411?q=%2Frecherche%2Fachat%2Ftoulon-83000%3Fprix-max%3D500000%26page%3D10&depuis-mise-en-avant=oui,3805
Appartement 1 pièce 34 m²,112000,34 m²,Pont de Bois,appartement,https://www.bienici.com/annonce/vente/toulon/appartement/1piece/nestenn-1-99938100348?q=%2Frecherche%2Fachat%2Ftoulon-83000%3Fprix-max%3D500000%26page%3D10,3294
Appartement 2 pièces 47 m²,107000,47 m²,Brunet,appartement,https://www.bienici.com/annonce/vente/toulon/appartement/2pieces/nestenn-1-99939309897?q=%2Frecherche%2Fachat%2Ftoulon-83000%3Fprix-max%3D500000%26page%3D10,2277
Appartement 4 pièces 83 m²,290000,83 m²,La Serinette - La Barre,appartement,https://www.bienici.com/annonce/vente/toulon/appartement/4pieces/ag440414-484798559?q=%2Frecherche%2Fachat%2Ftoulon-83000%3Fprix-max%3D500000%26page%3D10,3494
Appartement 4 pièces 78 m²,220000,78 m²,Aguillon,appartement,https://www.bienici.com/annonce/vente/toulon/appartement/4pieces/hektor-royalimmolavaletteduvar-27156?q=%2Frecherche%2Fachat%2Ftoulon-83000%3Fprix-max%3D500000%26page%3D10,2821
Appartement 2 pièces 48 m²,97000,48 m²,Saint-Roch,appartement,https://www.bienici.com/annonce/vente/toulon/appartement/2pieces/iad-france-1886928?q=%2Frecherche%2Fachat%2Ftoulon-83000%3Fprix-max%3D500000%26page%3D10,2021
Maison 2 pièces 61 m²,270000,61 m²,Siblas,maison,https://www.bienici.com/annonce/vente/toulon/maison/2pieces/iad-france-1883646?q=%2Frecherche%2Fachat%2Ftoulon-83000%3Fprix-max%3D500000%26page%3D10,4426
Appartement 1 pièce 27 m²,71900,27 m²,Saint-Jean du Var,appartement,https://www.bienici.com/annonce/vente/toulon/appartement/1piece/iad-france-1873067?q=%2Frecherche%2Fachat%2Ftoulon-83000%3Fprix-max%3D500000%26page%3D10,2663
Appartement 4 pièces 67 m²,149000,67 m²,Saint-Roch,appartement,https://www.bienici.com/annonce/vente/toulon/appartement/4pieces/immo-facile-58906350?q=%2Frecherche%2Fachat%2Ftoulon-83000%3Fprix-max%3D500000%26page%3D10,2224
Appartement 3 pièces 57 m²,134000,57 m²,Les Lices,appartement,https://www.bienici.com/annonce/vente/toulon/appartement/3pieces/hektor-adlc1000-42734?q=%2Frecherche%2Fachat%2Ftoulon-83000%3Fprix-max%3D500000%26page%3D10,2351
Appartement 3 pièces 56 m²,114000,56 m²,Bon Rencontre,appartement,https://www.bienici.com/annonce/vente/toulon/appartement/3pieces/century-21-202_2305_3412?q=%2Frecherche%2Fachat%2Ftoulon-83000%3Fprix-max%3D500000%26page%3D10,2036
Maison 9 pièces 185 m²,495500,185 m²,Valbourdin,maison,https://www.bienici.com/annonce/vente/toulon/maison/9pieces/hektor-atlasimmobilier-386904?q=%2Frecherche%2Fachat%2Ftoulon-83000%3Fprix-max%3D500000%26page%3D10,2678
Appartement 3 pièces 40 m²,149000,40 m²,Centre-ville,appartement,https://www.bienici.com/annonce/vente/toulon/appartement/3pieces/iad-france-1848610?q=%2Frecherche%2Fachat%2Ftoulon-83000%3Fprix-max%3D500000%26page%3D10,3725
Appartement 4 pièces 66 m²,124000,66 m²,Barbès,appartement,https://www.bienici.com/annonce/vente/toulon/appartement/4pieces/hektor-mourillon-386963?q=%2Frecherche%2Fachat%2Ftoulon-83000%3Fprix-max%3D500000%26page%3D10,1879
Appartement 3 pièces 78 m²,320000,78 m²,Claret,appartement,https://www.bienici.com/annonce/vente/toulon/appartement/3pieces/hektor-sixfours-384445?q=%2Frecherche%2Fachat%2Ftoulon-83000%3Fprix-max%3D500000%26page%3D10,4103
Appartement 5 pièces 127 m²,369000,127 m²,Haute-ville,appartement,https://www.bienici.com/annonce/vente/toulon/appartement/5pieces/hektor-gabrieleimmo-207?q=%2Frecherche%2Fachat%2Ftoulon-83000%3Fprix-max%3D500000%26page%3D10,2906
Appartement 3 pièces 62 m²,138800,62 m²,La Loubière,appartement,https://www.bienici.com/annonce/vente/toulon/appartement/3pieces/hektor-adlc1000-41697?q=%2Frecherche%2Fachat%2Ftoulon-83000%3Fprix-max%3D500000%26page%3D10,2239
Appartement 2 pièces 41 m²,95000,41 m²,Saint-Jean du Var,appartement,https://www.bienici.com/annonce/vente/toulon/appartement/2pieces/netty-company51116skq-appt-1915?q=%2Frecherche%2Fachat%2Ftoulon-83000%3Fprix-max%3D500000%26page%3D10,2317
Maison 4 pièces 67 m²,245000,67 m²,Pont du Las,maison,https://www.bienici.com/annonce/vente/toulon/maison/4pieces/immo-facile-58056058?q=%2Frecherche%2Fachat%2Ftoulon-83000%3Fprix-max%3D500000%26page%3D10,3657
Appartement 3 pièces 50 m²,206000,50 m²,Haute-ville,appartement,https://www.bienici.com/annonce/vente/toulon/appartement/3pieces/hektor-grechimmo83000-110657?q=%2Frecherche%2Fachat%2Ftoulon-83000%3Fprix-max%3D500000%26page%3D10,4120
Appartement 3 pièces 50 m²,206000,50 m²,Haute-ville,appartement,https://www.bienici.com/annonce/vente/toulon/appartement/3pieces/hektor-2_GRECHTOULON2023-110657?q=%2Frecherche%2Fachat%2Ftoulon-83000%3Fprix-max%3D500000%26page%3D10,4120
Appartement 3 pièces 46 m²,129000,46 m²,Centre-ville,appartement,https://www.bienici.com/annonce/vente/toulon/appartement/3pieces/netty-company50574bxt-appt-2017?q=%2Frecherche%2Fachat%2Ftoulon-83000%3Fprix-max%3D500000%26page%3D10,2804
Appartement à vendre - neuf - 4 pièces,945 000,"117,1 m²","Cap Brun , Toulon (83000)",Appartement à vendre - neuf,https://www.selogerneuf.com/annonces/neuf/programme/toulon-83/221869365/?serp_view=list&search=distributionTypes%3DBuy%26estateTypes%3DHouse%2CApartment%26locations%3DAD08FR34378&sort_order_ab_test=sort_order_variant&unitId=221869773&feature_aiEnrichment=true#ln=classified_search_results&m=classified_search_results_classified_classified_detail_XL,
Duplex à vendre - neuf - 3 pièces,443 000,"62,3 m²","Cap Brun , Toulon (83000)",Duplex à vendre - neuf,https://www.selogerneuf.com/annonces/neuf/programme/toulon-83/239013051/?serp_view=list&search=distributionTypes%3DBuy%26estateTypes%3DHouse%2CApartment%26locations%3DAD08FR34378&sort_order_ab_test=sort_order_variant&unitId=239011505&feature_aiEnrichment=true#ln=classified_search_results&m=classified_search_results_classified_classified_detail_XL,
Appartement à vendre - neuf - 2 pièces,289 000,41 m²,"Cap Brun , Toulon (83000)",Appartement à vendre - neuf,https://www.selogerneuf.com/annonces/neuf/programme/toulon-83/253691585/?serp_view=list&search=distributionTypes%3DBuy%26estateTypes%3DHouse%2CApartment%26locations%3DAD08FR34378&sort_order_ab_test=sort_order_variant&unitId=260292485&feature_aiEnrichment=true#ln=classified_search_results&m=classified_search_results_classified_classified_detail_XL,
Duplex à vendre - neuf - 4 pièces,990 000,"117,1 m²","Cap Brun , Toulon (83000)",Duplex à vendre - neuf,https://www.selogerneuf.com/annonces/neuf/programme/toulon-83/239013051/?serp_view=list&search=distributionTypes%3DBuy%26estateTypes%3DHouse%2CApartment%26locations%3DAD08FR34378&sort_order_ab_test=sort_order_variant&unitId=239011509&feature_aiEnrichment=true#ln=classified_search_results&m=classified_search_results_classified_classified_detail_XL,
Maison à vendre - neuf - 4 pièces,642 000,92 m²,"Cap Brun , Toulon (83000)",Maison à vendre - neuf,https://www.selogerneuf.com/annonces/neuf/programme/toulon-83/239013051/?serp_view=list&search=distributionTypes%3DBuy%26estateTypes%3DHouse%2CApartment%26locations%3DAD08FR34378&sort_order_ab_test=sort_order_variant&unitId=239011517&feature_aiEnrichment=true#ln=classified_search_results&m=classified_search_results_classified_classified_detail_XL,
Appartement à vendre - neuf - 3 pièces,393 000,65 m²,"Cap Brun , Toulon (83000)",Appartement à vendre - neuf,https://www.selogerneuf.com/annonces/neuf/programme/toulon-83/253691585/?serp_view=list&search=distributionTypes%3DBuy%26estateTypes%3DHouse%2CApartment%26locations%3DAD08FR34378&sort_order_ab_test=sort_order_variant&unitId=260294405&feature_aiEnrichment=true#ln=classified_search_results&m=classified_search_results_classified_classified_detail_L,
Duplex à vendre - neuf - 4 pièces,1 260 000,151 m²,"Cap Brun , Toulon (83000)",Duplex à vendre - neuf,https://www.selogerneuf.com/annonces/neuf/programme/toulon-83/253691585/?serp_view=list&search=distributionTypes%3DBuy%26estateTypes%3DHouse%2CApartment%26locations%3DAD08FR34378&sort_order_ab_test=sort_order_variant&unitId=253695253&feature_aiEnrichment=true#ln=classified_search_results&m=classified_search_results_classified_classified_detail_XL,
Appartement à vendre - 2 pièces,120 000,46 m²,"La Roseraie, Toulon (83100)",Appartement à vendre,https://www.seloger.com/annonces/achat/appartement/toulon-83/la-roseraie/257809399.htm?serp_view=list&search=distributionTypes%3DBuy%26estateTypes%3DHouse%2CApartment%26locations%3DAD08FR34378&sort_order_ab_test=sort_order_variant&feature_aiEnrichment=true#ln=classified_search_results&m=classified_search_results_classified_classified_detail_XL,
Appartement à vendre - neuf - 3 pièces,266 000,"70,3 m²","Saint Jean du Var, Toulon (83100)",Appartement à vendre - neuf,https://www.selogerneuf.com/annonces/neuf/programme/toulon-83/238559891/?serp_view=list&search=distributionTypes%3DBuy%26estateTypes%3DHouse%2CApartment%26locations%3DAD08FR34378&sort_order_ab_test=sort_order_variant&unitId=243332661&feature_aiEnrichment=true#ln=classified_search_results&m=classified_search_results_classified_classified_detail_L,
Maison à vendre - 11 pièces,1 660 000,326 m²,"Centre Est, La Valette-du-Var (83160)",Maison à vendre,https://www.seloger.com/annonces/achat/maison/la-valette-du-var-83/centre-est/238010519.htm?serp_view=list&search=distributionTypes%3DBuy%26estateTypes%3DHouse%2CApartment%26locations%3DAD08FR34378&sort_order_ab_test=sort_order_variant&feature_aiEnrichment=true#ln=classified_search_results&m=classified_search_results_classified_classified_detail_XL,
Maison à vendre - 4 pièces,310 000,70 m²,Toulon (83000),Maison à vendre,https://www.seloger.com/annonces/achat/maison/toulon-83/262527107.htm?serp_view=list&search=distributionTypes%3DBuy%26estateTypes%3DHouse%2CApartment%26locations%3DAD08FR34378&sort_order_ab_test=sort_order_variant&feature_aiEnrichment=true#ln=classified_search_results&m=classified_search_results_classified_classified_detail_XL,
Villa à vendre - 14 pièces,4 500 000,550 m²,"Mourillon-Sud, Toulon (83000)",Villa à vendre,https://www.bellesdemeures.com/262570665/detail.htm?serp_view=list&search=distributionTypes%3DBuy%26estateTypes%3DHouse%2CApartment%26locations%3DAD08FR34378&sort_order_ab_test=sort_order_variant&feature_aiEnrichment=true#ln=classified_search_results&m=classified_search_results_classified_classified_detail_L,
Appartement à vendre - neuf - 3 pièces,276 000,58 m²,"Sainte Musse, Toulon (83100)",Appartement à vendre - neuf,https://www.selogerneuf.com/annonces/neuf/programme/toulon-83/256375639/?serp_view=list&search=distributionTypes%3DBuy%26estateTypes%3DHouse%2CApartment%26locations%3DAD08FR34378&sort_order_ab_test=sort_order_variant&unitId=256375835&feature_aiEnrichment=true#ln=classified_search_results&m=classified_search_results_classified_classified_detail_XL,
Appartement à vendre - 3 pièces,235 400,54 m²,"Brunet, Toulon (83100)",Appartement à vendre,https://www.seloger.com/annonces/achat/appartement/toulon-83/brunet/261629789.htm?serp_view=list&search=distributionTypes%3DBuy%26estateTypes%3DHouse%2CApartment%26locations%3DAD08FR34378&sort_order_ab_test=sort_order_variant&feature_aiEnrichment=true#ln=classified_search_results&m=classified_search_results_classified_classified_detail_XL,
Appartement à vendre - 3 pièces,164 000,66 m²,"Pont-du-Las, Toulon (83200)",Appartement à vendre,https://www.seloger.com/annonces/achat/appartement/toulon-83/250529969.htm?serp_view=list&search=distributionTypes%3DBuy%26estateTypes%3DHouse%2CApartment%26locations%3DAD08FR34378&sort_order_ab_test=sort_order_variant&feature_aiEnrichment=true#ln=classified_search_results&m=classified_search_results_classified_classified_detail_XL,
Appartement à vendre - 1 pièce,115 000,"22,2 m²","Saint Roch, Toulon (83000)",Appartement à vendre,https://www.seloger.com/annonces/achat/appartement/toulon-83/saint-roch/261715439.htm?serp_view=list&search=distributionTypes%3DBuy%26estateTypes%3DHouse%2CApartment%26locations%3DAD08FR34378&sort_order_ab_test=sort_order_variant&feature_aiEnrichment=true#ln=classified_search_results&m=classified_search_results_classified_classified_detail_XL,
Appartement à vendre - neuf - 2 pièces,205 000,42 m²,"Sainte Musse, Toulon (83100)",Appartement à vendre - neuf,https://www.selogerneuf.com/annonces/neuf/programme/toulon-83/256375639/?serp_view=list&search=distributionTypes%3DBuy%26estateTypes%3DHouse%2CApartment%26locations%3DAD08FR34378&sort_order_ab_test=sort_order_variant&unitId=256375839&feature_aiEnrichment=true#ln=classified_search_results&m=classified_search_results_classified_classified_detail_XL,
Appartement à vendre - 7 pièces,540 000,192 m²,"Puget-Théâtre, Toulon (83)",Appartement à vendre,https://www.bellesdemeures.com/262253741/detail.htm?serp_view=list&search=distributionTypes%3DBuy%26estateTypes%3DHouse%2CApartment%26locations%3DAD08FR34378&sort_order_ab_test=sort_order_variant&feature_aiEnrichment=true#ln=classified_search_results&m=classified_search_results_classified_classified_detail_L,
Villa à vendre - neuf - 4 pièces,488 000,"76,4 m²","Les Ameniers, Toulon (83100)",Villa à vendre - neuf,https://www.selogerneuf.com/annonces/neuf/programme/toulon-83/251798065/?serp_view=list&search=distributionTypes%3DBuy%26estateTypes%3DHouse%2CApartment%26locations%3DAD08FR34378&sort_order_ab_test=sort_order_variant&unitId=251803739&feature_aiEnrichment=true#ln=classified_search_results&m=classified_search_results_classified_classified_detail_XL,
Appartement à vendre - 3 pièces,171 200,"53,7 m²","Aguillon, Toulon (83000)",Appartement à vendre,https://www.seloger.com/annonces/achat/appartement/toulon-83/aguillon/261302373.htm?serp_view=list&search=distributionTypes%3DBuy%26estateTypes%3DHouse%2CApartment%26locations%3DAD08FR34378&sort_order_ab_test=sort_order_variant&feature_aiEnrichment=true#ln=classified_search_results&m=classified_search_results_classified_classified_detail_XL,
Appartement à vendre - 3 pièces,369 000,78 m²,"La Serinette, Toulon (83000)",Appartement à vendre,https://www.seloger.com/annonces/achat/appartement/toulon-83/la-serinette/242995883.htm?serp_view=list&search=distributionTypes%3DBuy%26estateTypes%3DHouse%2CApartment%26locations%3DAD08FR34378&sort_order_ab_test=sort_order_variant&feature_aiEnrichment=true#ln=classified_search_results&m=classified_search_results_classified_classified_detail_XL,
Maison à vendre - 6 pièces,655 000,125 m²,Toulon (83000),Maison à vendre,https://www.seloger.com/annonces/achat/maison/toulon-83/262018065.htm?serp_view=list&search=distributionTypes%3DBuy%26estateTypes%3DHouse%2CApartment%26locations%3DAD08FR34378&sort_order_ab_test=sort_order_variant&feature_aiEnrichment=true#ln=classified_search_results&m=classified_search_results_classified_classified_detail_XL,
Appartement à vendre - 4 pièces,199 900,69 m²,"Les Routes, Toulon (83200)",Appartement à vendre,https://www.seloger.com/annonces/achat/appartement/toulon-83/les-routes/261312257.htm?serp_view=list&search=distributionTypes%3DBuy%26estateTypes%3DHouse%2CApartment%26locations%3DAD08FR34378&sort_order_ab_test=sort_order_variant&feature_aiEnrichment=true#ln=classified_search_results&m=classified_search_results_classified_classified_detail_XL,
Appartement à vendre - 3 pièces,214 000,"69,1 m²",La Valette-du-Var (83160),Appartement à vendre,https://www.seloger.com/annonces/achat/appartement/la-valette-du-var-83/261714489.htm?serp_view=list&search=distributionTypes%3DBuy%26estateTypes%3DHouse%2CApartment%26locations%3DAD08FR34378&sort_order_ab_test=sort_order_variant&feature_aiEnrichment=true#ln=classified_search_results&m=classified_search_results_classified_classified_detail_XL,
Appartement à vendre - 3 pièces,211 000,62 m²,Toulon (83000),Appartement à vendre,https://www.seloger.com/annonces/achat/appartement/toulon-83/261450009.htm?serp_view=list&search=distributionTypes%3DBuy%26estateTypes%3DHouse%2CApartment%26locations%3DAD08FR34378&sort_order_ab_test=sort_order_variant&feature_aiEnrichment=true#ln=classified_search_results&m=classified_search_results_classified_classified_detail_XL,
Appartement à vendre - 5 pièces,318 000,"100,5 m²","Mourillon-Centre, Toulon (83000)",Appartement à vendre,https://www.seloger.com/annonces/achat/appartement/toulon-83/mourillon-centre/261302369.htm?serp_view=list&search=distributionTypes%3DBuy%26estateTypes%3DHouse%2CApartment%26locations%3DAD08FR34378&sort_order_ab_test=sort_order_variant&feature_aiEnrichment=true#ln=classified_search_results&m=classified_search_results_classified_classified_detail_XL,
Appartement à vendre - 5 pièces,880 000,120 m²,"Mourillon-Centre, Toulon (83000)",Appartement à vendre,https://www.seloger.com/annonces/achat/appartement/toulon-83/mourillon-centre/257961581.htm?serp_view=list&search=distributionTypes%3DBuy%26estateTypes%3DHouse%2CApartment%26locations%3DAD08FR34378&sort_order_ab_test=sort_order_variant&feature_aiEnrichment=true#ln=classified_search_results&m=classified_search_results_classified_classified_detail_XL,
Appartement à vendre - 2 pièces,242 000,"51,5 m²","Cap Brun , Toulon (83000)",Appartement à vendre,https://www.seloger.com/annonces/achat/appartement/toulon-83/cap-brun/258514345.htm?serp_view=list&search=distributionTypes%3DBuy%26estateTypes%3DHouse%2CApartment%26locations%3DAD08FR34378&sort_order_ab_test=sort_order_variant&feature_aiEnrichment=true#ln=classified_search_results&m=classified_search_results_classified_classified_detail_XL,
Maison à vendre - neuf - 4 pièces,646 000,90 m²,"Cap Brun , Toulon (83000)",Maison à vendre - neuf,https://www.selogerneuf.com/annonces/neuf/programme/toulon-83/253691585/?serp_view=list&search=distributionTypes%3DBuy%26estateTypes%3DHouse%2CApartment%26locations%3DAD08FR34378&sort_order_ab_test=sort_order_variant&unitId=253695045&feature_aiEnrichment=true#ln=classified_search_results&m=classified_search_results_classified_classified_detail_XL,
Appartement à vendre - neuf - 2 pièces,213 000,"44,7 m²","Pont de Suve-Collet de Gipon, Toulon (83100)",Appartement à vendre - neuf,https://www.selogerneuf.com/annonces/neuf/programme/toulon-83/249859347/?serp_view=list&search=distributionTypes%3DBuy%26estateTypes%3DHouse%2CApartment%26locations%3DAD08FR34378&sort_order_ab_test=sort_order_variant&unitId=250550589&feature_aiEnrichment=true#ln=classified_search_results&m=classified_search_results_classified_classified_detail_XL,
Appartement à vendre - neuf - 2 pièces,178 031,"42,6 m²","Valbertrand, Toulon (83200)",Appartement à vendre - neuf,https://www.selogerneuf.com/annonces/neuf/programme/toulon-83/247006451/?serp_view=list&search=distributionTypes%3DBuy%26estateTypes%3DHouse%2CApartment%26locations%3DAD08FR34378&sort_order_ab_test=sort_order_variant&unitId=258508031&feature_aiEnrichment=true#ln=classified_search_results&m=classified_search_results_classified_classified_detail_L,
Appartement à vendre - 5 pièces,1 490 000,153 m²,Toulon (83000),Appartement à vendre,https://www.seloger.com/annonces/achat/appartement/toulon-83/257074703.htm?serp_view=list&search=distributionTypes%3DBuy%26estateTypes%3DHouse%2CApartment%26locations%3DAD08FR34378&sort_order_ab_test=sort_order_variant&feature_aiEnrichment=true#ln=classified_search_results&m=classified_search_results_classified_classified_detail_XL,
